id,section,wt,h,b,s(tw),t(tf),r1,r2,b/2t,d/s,ix,iy,rx,ry,zx,zy,sx,sy,u,x,H,J,area
1,180.0 x 180.0 x 8.0,42.50,180.0,180.0,8.0,8.0,,,11.25,22.5,26.33,26.33,6.98,6.98,346,346,293,293,,,,,54.10
2,180.0 x 180.0 x 6.0,32.05,180.0,180.0,6.0,6.0,,,15,30,2036,2036,7.06,7.06,280,280,226,226,,,,,40.83
3,180.0 x 180.0 x 5.0,27.20,180.0,180.0,5.0,5.0,,,18,36,1755,1755,7.12,7.12,226,226,195,195,,,,,34.60
4,150.0 x 150.0 x 6.0,26.40,150.0,150.0,6.0,6.0,,,12.5,25,1145.91,1145.91,5.84,5.84,179.88,179.88,152.79,152.79,,,,,33.63
5,132.0 x 132.0 x 6.0,23.01,132.0,132.0,6.0,6.0,,,11,22,762.98,762.98,5.10,5.10,136.98,136.98,115.60,115.60,,,,,29.31
6,150.0 x 150.0 x 5.0,22.26,150.0,150.0,5.0,5.0,,,15,30,982.12,982.12,5.89,5.89,152.98,152.98,130.95,130.95,,,,,28.36
7,180.0 x 180.0 x 4.0,21.90,180.0,180.0,4.0,4.0,,,22.5,45,1434,1434,7.17,7.17,184,184,159,159,,,,,27.90
8,125.0 x 125.0 x 6.0,21.69,125.5,125.5,6.0,6.0,,,10.4583333333333,20.9166666666667,640.89,640.89,4.82,4.82,121.87,121.87,102.54,102.54,,,,,27.63
9,132.0 x 132.0 x 5.4,20.88,132.0,132.0,5.4,5.4,,,12.2222222222222,24.4444444444444,700.11,700.11,5.13,5.13,125.02,125.02,106.08,106.08,,,,,26.59
10,172.0x92.0x5.4,20.88,172.0,92.0,5.4,5.4,,,8.51851851851852,31.8518518518519,1012.47,381.74,6.17,3.79,146.55,94.86,117.73,82.99,,,,,26.59
11,113.5 x 113.5 x 6.0,19.53,113.5,113.5,6.0,6.0,,,9.45833333333333,18.9166666666667,479.81,479.81,4.35,4.35,98.96,98.96,82.79,82.79,,,,,24.87
12,132.0 x 132.0 x 4.8,18.71,132.0,132.0,4.8,4.8,,,13.75,27.5,634.39,634.39,5.16,5.16,112.69,112.69,96.12,96.12,,,,,23.83
13,172.0x92.0x4.8,18.71,172.0,92.0,4.8,4.8,,,9.58333333333333,35.8333333333333,917.13,346.91,6.20,3.82,132.08,85.61,106.64,75.41,,,,,23.83
14,125.0 x 125.0 x 5.0,18.33,125.0,125.0,5.0,5.0,,,12.5,25,552.62,552.62,4.86,4.86,104.10,104.10,88.42,88.42,,,,,23.36
15,113.5 x 113.5 x 5.4,17.74,113.5,113.5,5.4,5.4,,,10.5092592592593,21.0185185185185,432.58,432.58,4.38,4.38,90.55,90.55,76.23,76.23,,,,,22.60
16,145.0x82.0x5.4,17.74,145.0,82.0,5.4,5.4,,,7.59259259259259,26.8518518518519,610.85,250.59,5.20,3.33,105.07,70.66,84.26,61.12,,,,,21.60
17,100.0 x 100.0 x 6.0,16.98,100.0,100.0,6.0,6.0,,,8.33333333333333,16.6666666666667,311.47,311.47,3.79,3.79,75.10,75.10,62.29,62.29,,,,,21.63
18,125.0 x 125.0 x 4.5,16.62,125.0,125.0,4.5,4.5,,,13.8888888888889,27.7777777777778,505.83,505.83,4.89,4.89,94.84,94.84,80.93,80.93,,,,,21.17
19,113.5 x 113.5 x 4.8,15.92,113.5,113.5,4.8,4.8,,,11.8229166666667,23.6458333333333,393.31,393.31,4.0,4.0,81.81,81.81,69.30,69.30,,,,,20.28
20,145.0x82.0x4.8,15.92,145.0,82.0,4.8,4.8,,,8.54166666666667,30.2083333333333,555.16,228.50,5.23,3.36,94.93,63.93,76.57,55.73,,,,,20.28
21,113.5 x 113.5 x 4.5,14.99,113.5,113.5,4.5,4.5,,,12.6111111111111,25.2222222222222,372.88,372.88,4.42,4.42,77.33,77.33,65.71,65.71,,,,,19.10
22,100.0 x 100.0 x 5.0,14.41,100.0,100.0,5.0,5.0,,,10,20,271.10,271.10,3.84,3.84,64.59,64.59,54.22,54.22,,,,,18.36
23,91.5 x 91.5 x 5.4,14.01,91.5,91.5,5.4,5.4,,,8.47222222222222,16.9444444444444,215.68,215.68,3.48,3.48,56.77,56.77,47.14,47.14,,,,,17.85
24,122.0x61.0x5.4,14.01,122.0,61.0,5.4,5.4,,,5.64814814814815,22.5925925925926,320.83,107.03,4.24,2.45,67.29,41.22,52.60,35.09,,,,,17.85
25,88.9 x 88.9 x 4.9,12.44,88.9,88.9,4.9,4.9,,,9.07142857142857,18.1428571428571,182.57,182.57,3.39,3.39,49.23,49.23,41.07,41.07,,,,,15.85
26,91.5 x 91.5 x 4.5,11.88,91.5,91.5,4.5,4.5,,,10.1666666666667,20.3333333333333,187.57,187.57,3.52,3.52,48.79,48.79,41.00,41.00,,,,,15.14
27,122.0x61.0x4.5,11.88,122.0,61.0,4.5,4.5,,,6.77777777777778,27.1111111111111,278.94,93.78,4.29,2.49,57.85,35.56,45.73,30.75,,,,,15.14
28,100.0 x 100.0 x 4.0,11.73,100.0,100.0,4.0,4.0,,,12.5,25,226.35,226.35,3.89,3.89,53.30,53.30,45.27,45.27,,,,,14.95
29,127.0x50.0x4.6,11.69,127.0,50.0,4.6,4.6,,,5.43478260869565,27.6086956521739,276.33,62.46,4.31,2.05,56.66,29.04,43.52,24.98,,,,,18.89
30,88.9 x 88.9 x 4.5,11.52,88.9,88.9,4.5,4.5,,,9.87777777777778,19.7555555555556,170.97,170.97,3.41,3.41,45.85,45.85,38.46,38.46,,,,,14.67
31,75.0 x 75.0 x 4.9,10.30,75.0,75.0,4.9,4.9,,,7.6530612244898,15.3061224489796,104.82,104.82,2.83,2.83,33.92,33.92,27.95,27.95,,,,,13.12
32,96.0x48.0x3.2,9.71,96.0,48.0,3.2,3.2,,,7.5,30,98.61,33.28,3.40,1.97,25.85,15.91,20.54,13.87,,,,,8.54
33,91.5 x 91.5 x 3.6,9.67,91.5,91.5,3.6,3.6,,,12.7083333333333,25.4166666666667,156.49,156.49,3.56,3.56,40.24,40.24,34.21,34.21,,,,,12.32
34,72.0 x 72.0 x 4.8,9.66,72.0,72.0,4.8,4.8,,,7.5,15,90.31,90.31,2.71,2.71,30.49,30.49,25.09,25.09,,,,,12.31
35,96.0x48.0x4.8,9.66,96.0,48.0,4.8,4.8,,,5,20,134.35,44.55,3.30,1.90,36.13,22.08,27.99,18.56,,,,,12.31
36,88.9 x 88.9 x 3.6,9.38,88.9,88.9,3.6,3.6,,,12.3472222222222,24.6944444444444,142.83,142.83,3.46,3.46,37.85,37.85,32.13,32.13,,,,,11.95
37,127.0x50.0x3.6,9.34,127.0,50.0,3.6,3.6,,,6.94444444444445,35.2777777777778,227.08,52.05,4.37,2.09,45.95,23.70,35.76,20.82,,,,,11.89
38,75.0 x 75.0 x 4.0,8.59,75.0,75.0,4.0,4.0,,,9.375,18.75,90.19,90.19,2.87,2.87,28.76,28.76,24.05,24.05,,,,,10.95
39,100.0x50.0x4.0,8.59,100.0,50.0,4.0,4.0,,,6.25,25,134.14,44.95,3.50,2.03,34.10,20.93,26.83,17.98,,,,,10.95
40,72.0 x 72.0 x 4.0,8.22,72.0,72.0,4.0,4.0,,,9,18,79.03,79.03,2.75,2.75,26.32,26.32,21.95,21.95,,,,,10.47
41,96.0x48.0x4.0,8.22,96.0,48.0,4.0,4.0,,,6,24,117.54,39.32,3.55,1.94,31.21,19.14,24.49,16.30,,,,,10.47
42,63.5 x 63.5 x 4.5,7.93,63.5,63.5,4.5,4.5,,,7.05555555555556,14.1111111111111,57.00,57.00,2.38,2.38,21.93,21.93,17.95,17.95,,,,,10.10
43,75.0 x 75.0 x 3.2,7.01,75.0,75.0,3.2,3.2,,,11.71875,23.4375,75.53,75.53,2.91,2.91,23.79,23.79,20.41,20.41,,,,,8.93
44,100.0x50.0x3.2,7.01,100.0,50.0,3.2,3.2,,,7.8125,31.25,112.29,37.95,3.55,2.06,28.20,17.37,22.46,15.18,,,,,14.93
45,72.0 x 72.0 x 3.2,6.71,72.0,72.0,3.2,3.2,,,11.25,22.5,66.32,66.32,2.79,2.79,21.80,21.80,18.42,18.42,,,,,8.54
46,80.0x40.0x4.0,6.71,80.0,40.0,4.0,4.0,,,5,20,64.79,21.49,2.75,1.59,20.91,12.77,16.20,10.74,,,,,8.55
47,122.0x61.0x3.6,6.67,122.0,61.0,3.6,3.6,,,8.47222222222222,33.8888888888889,232.61,78.83,4.34,2.35,47.71,29.42,38.13,25.84,,,,,12.32
48,63.5 x 63.5 x 3.6,6.51,63.5,63.5,3.6,3.6,,,8.81944444444445,17.6388888888889,48.55,48.55,2.42,2.42,18.36,18.36,15.29,15.29,,,,,8.29
49,49.5 x 49.5 x 4.5,5.95,49.5,49.5,4.5,4.5,,,5.5,11,24.64,24.64,1.80,1.80,12.47,12.47,9.96,9.96,,,,,7.58
50,66.0x33.0x4.5,5.95,66.0,33.0,4.5,4.5,,,3.66666666666667,14.6666666666667,36.64,11.93,2.20,1.25,14.77,8.94,11.10,7.23,,,,,7.58
51,63.5 x 63.5 x 3.2,5.85,63.5,63.5,3.2,3.2,,,9.921875,19.84375,44.35,44.35,2.44,2.44,16.65,16.65,13.97,13.97,,,,,7.45
52,80.0x40.0x3.2,5.50,80.0,40.0,3.2,3.2,,,6.25,25,54.94,18.41,2.80,1.62,17.46,10.72,13.74,9.21,,,,,7.01
53,70.0x30.0x4.0,5.45,70.0,30.0,4.0,4.0,,,3.75,17.5,37.23,9.42,2.31,1.16,14.20,7.66,10.64,6.28,,,,,6.95
54,45.0 x 45.0 x 4.5,5.31,45.0,45.0,4.5,4.5,,,5,10,17.74,17.74,1.62,1.62,9.99,9.99,7.88,7.88,,,,,6.77
55,80.0x40.0x2.9,5.03,80.0,40.0,2.9,2.9,,,6.89655172413793,27.5862068965517,50.87,17.11,2.82,1.63,16.07,9.88,12.72,8.56,,,,,6.41
56,49.5 x 49.5 x 3.6,4.93,49.5,49.5,3.6,3.6,,,6.875,13.75,21.42,21.42,1.85,1.85,10.60,10.60,8.66,8.66,,,,,6.28
57,66.0x33.0x3.6,4.93,66.0,33.0,3.6,3.6,,,4.58333333333333,18.3333333333333,31.87,10.52,2.25,1.29,12.56,7.66,9.66,6.37,,,,,6.28
58,70.0x30.0x3.2,4.50,70.0,30.0,3.2,3.2,,,4.6875,21.875,32.04,8.24,2.37,1.20,11.98,6.51,9.15,5.49,,,,,5.73
59,45.0 x 45.0 x 3.6,4.42,45.0,45.0,3.6,3.6,,,6.25,12.5,15.57,15.57,1.66,1.66,8.55,8.55,6.92,6.92,,,,,5.63
60,40.0 x 40.0 x 4.0,4.20,40.0,40.0,4.0,4.0,,,5,10,11.07,11.07,1.44,1.44,7.01,7.01,5.54,5.54,,,,,5.35
61,60.0x40.0x2.9,4.12,60.0,40.0,2.9,2.9,,,6.89655172413793,20.6896551724138,24.74,13.11,2.17,1.58,10.25,7.73,8.25,6.56,,,,,5.25
62,70.0x30.0x2.9,4.12,70.0,30.0,2.9,2.9,,,5.17241379310345,24.1379310344828,29.82,7.72,2.38,1.21,11.07,6.04,8.52,5.14,,,,,5.25
63,49.5 x 49.5 x 2.9,4.07,49.5,49.5,2.9,2.9,,,8.53448275862069,17.0689655172414,18.37,18.37,1.88,1.88,8.93,8.93,7.42,7.42,,,,,5.19
64,66.0x33.0x2.9,4.07,66.0,33.0,2.9,2.9,,,5.68965517241379,22.7586206896552,27.33,9.12,2.29,1.33,10.59,6.49,8.28,5.53,,,,,5.19
65,45.0 x 45.0 x 3.2,3.99,45.0,45.0,3.2,3.2,,,7.03125,14.0625,14.41,14.41,1.68,1.68,7.83,7.83,6.40,6.40,,,,,5.09
66,38.0 x 38.0 x 4.0,3.95,38.0,38.0,4.0,4.0,,,4.75,9.5,9.26,9.26,1.36,1.36,6.22,6.22,4.87,4.87,,,,,5.03
67,40.0 x 40.0 x 3.6,3.85,40.0,40.0,3.6,3.6,,,5.55555555555556,11.1111111111111,10.45,10.45,1.46,1.46,6.53,6.53,5.22,5.22,,,,,4.91
68,45.0 x 45.0 x 2.9,3.66,45.0,45.0,2.9,2.9,,,7.75862068965517,15.5172413793103,13.45,13.45,1.70,1.70,7.25,7.25,5.98,5.98,,,,,4.67
69,38.0 x 38.0 x 3.6,3.63,38.0,38.0,3.6,3.6,,,5.27777777777778,10.5555555555556,8.76,8.76,1.38,1.38,5.80,5.80,4.61,4.61,,,,,4.62
70,35.0 x 35.0 x 4.0,3.57,35.0,35.0,4.0,4.0,,,4.375,8.75,6.93,6.93,1.23,1.23,5.11,5.11,3.96,3.96,,,,,4.55
71,40.0 x 40.0 x 3.2,3.49,40.0,40.0,3.2,3.2,,,6.25,12.5,9.72,9.72,1.48,1.48,6.01,6.01,4.86,4.86,,,,,4.45
72,45.0 x 45.0 x 2.6,3.32,45.0,45.0,2.6,2.6,,,8.65384615384615,17.3076923076923,12.47,12.47,1.71,1.71,6.64,6.64,5.52,5.52,,,,,4.24
73,38.0 x 38.0 x 3.2,3.29,38.0,38.0,3.2,3.2,,,5.9375,11.875,8.18,8.18,1.40,1.40,5.34,5.34,4.30,4.30,,,,,4.19
74,50.0x25.0x3.2,3.24,50.0,25.0,3.2,3.2,,,3.90625,15.625,11.63,3.80,1.68,3.96,6.14,3.73,4.65,3.04,,,,,4.13
75,32.0x32.0 x 4.0,3.19,32.0,32.0,4.0,4.0,,,4,8,5.02,5.02,1.15,1.15,4.11,4.11,3.14,3.14,,,,,4.07
76,38.0 x 38.0 x 2.9,3.03,38.0,38.0,2.9,2.9,,,6.55172413793104,13.1034482758621,7.68,7.68,1.41,1.41,4.97,4.97,4.04,4.04,,,,,3.86
77,35.0 x 35.0 x 3.2,2.99,35.0,35.0,3.2,3.2,,,5.46875,10.9375,6.18,6.18,1.27,1.27,4.42,4.42,3.53,3.53,,,,,3.81
78,50.0x25.0x2.9,2.98,50.0,25.0,2.9,2.9,,,4.31034482758621,17.2413793103448,10.93,3.60,1.70,0.97,5.72,3.48,4.37,2.88,,,,,3.80
79,30.0 x 30.0 x 4.0,2.94,30.0,30.0,4.0,4.0,,,3.75,7.5,3.97,3.97,1.03,1.03,3.50,3.50,2.64,2.64,,,,,3.75
80,40.0 x 40.0 x 2.6,2.92,40.0,40.0,2.6,2.6,,,7.69230769230769,15.3846153846154,8.45,8.45,1.51,1.51,5.12,5.12,4.22,4.22,,,,,3.72
81,38.0 x 38.0 x 2.6,2.75,38.0,38.0,2.6,2.6,,,7.30769230769231,14.6153846153846,7.14,7.14,1.43,1.43,4.57,4.57,3.76,3.76,,,,,3.51
82,32.0 x 32.0 x 3.2,2.69,32.0,32.0,3.2,3.2,,,5,10,4.54,4.54,1.15,1.15,3.59,3.59,2.84,2.84,,,,,3.42
83,35.0 x 35.0 x 2.6,2.51,35.0,35.0,2.6,2.6,,,6.73076923076923,13.4615384615385,5.43,5.43,1.30,1.30,3.81,3.81,3.10,3.10,,,,,3.20
84,30.0 x 30.0 x 3.2,2.49,30.0,30.0,3.2,3.2,,,4.6875,9.375,3.62,3.62,1.07,1.07,3.08,3.08,2.41,2.41,,,,,3.17
85,32.0 x 32.0 x 2.6,2.26,32.0,32.0,2.6,2.6,,,6.15384615384615,12.3076923076923,4.02,4.02,1.18,1.18,3.11,3.11,2.51,2.51,,,,,2.88
86,30.0 x 30.0 x 2.6,2.10,30.0,30.0,2.6,2.6,,,5.76923076923077,11.5384615384615,3.23,3.23,1.10,1.10,2.68,2.68,2.15,2.15,,,,,2.68
87,25.0 x 25.0 x 3.2,1.98,25.0,25.0,3.2,3.2,,,3.90625,7.8125,1.89,1.89,0.86,0.86,1.98,1.98,1.51,1.51,,,,,2.53
88,25.0 x 25.0 x 2.6,1.69,25.0,25.0,2.6,2.6,,,4.80769230769231,9.61538461538462,1.72,1.72,0.89,0.89,1.76,1.76,1.38,1.38,,,,,2.16
