id,section,wt,h,b,s,t,r,d,b/2t,d/s,ix,iy,rx,ry,zx,zy,sx,sy,u,x,H,J,area,Shape
1,ISA20X20X3,0.8792,20,20,3,3,,,3.33333333333333,,0.4,0.4,0.598,0.598,0.284,0.284,0.3,0.3,,,,0.0333,1.12,Angle
2,ISNT20,0.88705,20,20,3,3,,,3.33333333333333,,0.4,0.2,0.595,0.421,0.286,0.2,0.3,0.2,,,,333,1.13,Tee
3,ISNB15L,0.94985,21,0,2,2,,,0,,0.57,0.57,0.686,0.686,0.535,0.535,0.54,0.54,,,,11400,1.21,Pipe
4,ISA25X25X3,1.10685,25,25,3,3,,,4.16666666666667,,0.8,0.8,0.753,0.753,0.447,0.447,0.4,0.4,,,,423,1.41,Angle
5,ISA30X20X3,1.10685,30,20,3,3,,,3.33333333333333,,1.2,0.4,0.923,0.533,0.478,0.392,0.6,0.3,,,,423,1.41,Angle
6,ISA20X20X4,1.13825,20,20,4,4,,,2.5,,0.5,0.5,0.587,0.587,0.365,0.365,0.4,0.4,,,,768,1.45,Angle
7,ISNB15M,1.20105,21,0,3,3,,,0,,0.69,0.69,0.672,0.672,0.648,0.648,0.64,0.64,,,,13800,1.53,Pipe
8,ISA30X30X3,1.35805,30,30,3,3,,,5,,1.4,1.4,0.9,0.9,0.645,0.645,0.6,0.6,,,,513,1.73,Angle
9,ISNT30,1.37375,30,30,3,3,,,5,,1.4,0.6,0.894,0.586,0.645,0.4,0.6,0.4,,,,513,1.75,Tee
10,ISNB20L,1.3973,27,0,2,2,,,0,,1.36,1.36,0.874,0.874,1.011,1.011,1.01,1.01,,,,27200,1.78,Pipe
11,ISNB15H,1.4287,21,0,3,3,,,0,,0.75,0.75,0.642,0.642,0.704,0.704,0.7,0.7,,,,15000,1.82,Pipe
12,ISA25X25X4,1.4444,25,25,4,4,,,3.125,,1,1,0.737,0.737,0.571,0.571,0.6,0.6,,,,981,1.84,Angle
13,ISA30X20X4,1.4444,30,20,4,4,,,2.5,,1.5,0.5,0.903,0.521,0.607,0.49,0.8,0.4,,,,981,1.84,Angle
14,ISA40X25X3,1.4758,40,25,3,3,,,4.16666666666667,,3,0.9,1.263,0.692,0.875,0.692,1.1,0.5,,,,558,1.88,Angle
15,ISNB20M,1.5543,27,0,3,3,,,0,,1.48,1.48,0.865,0.865,1.1,1.1,1.1,1.1,,,,29600,1.98,Pipe
16,ISA35X35X3,1.59355,35,35,3,3,,,5.83333333333333,,2.3,2.3,1.064,1.064,0.902,0.902,0.9,0.9,,,,603,2.03,Angle
17,ISB25X25X2.6,1.6956,25,25,3,3,,,4.16666666666667,,1.72,1.72,0.892,0.892,1.376,1.376,1.38,1.38,,,,27400,2.16,Box
18,ISA45X30X3,1.7113,45,30,3,3,,,5,,4.4,1.5,1.421,0.83,1.155,0.949,1.4,0.7,,,,648,2.18,Angle
19,ISA25X25X5,1.76625,25,25,5,5,,,2.5,,1.2,1.2,0.73,0.73,0.702,0.702,0.7,0.7,,,,1875,2.25,Angle
20,ISA30X20X5,1.76625,30,20,5,5,,,2,,1.9,0.6,0.919,0.516,0.782,0.566,1,0.4,,,,1875,2.25,Angle
21,ISA30X30X4,1.7741,30,30,4,4,,,3.75,,1.8,1.8,0.892,0.892,0.845,0.845,0.8,0.8,,,,1195,2.26,Angle
22,ISA40X40X3,1.8369,40,40,3,3,,,6.66666666666667,,3.4,3.4,1.205,1.205,1.164,1.164,1.2,1.2,,,,693,2.34,Angle
23,ISA50X30X3,1.8369,50,30,3,3,,,5,,5.9,1.6,1.588,0.827,1.356,0.982,1.7,0.7,,,,693,2.34,Angle
24,ISNB20H,1.8683,27,0,3,3,,,0,,1.7,1.7,0.845,0.845,1.264,1.264,1.26,1.26,,,,34000,2.38,Pipe
25,ISA40X25X4,1.9311,40,25,4,4,,,3.125,,3.8,1.1,1.243,0.669,1.124,0.815,1.4,0.6,,,,1301,2.46,Angle
26,ISB25X25X3.2,1.98605,25,25,3,3,,,4.16666666666667,,1.89,1.89,0.864,0.864,1.512,1.512,1.51,1.51,,,,31400,2.53,Box
27,ISNB25L,1.9939,34,0,3,3,,,0,,3.09,3.09,1.103,1.103,1.834,1.834,1.83,1.83,,,,61800,2.54,Pipe
28,ISA45X45X3,2.0724,45,45,3,3,,,7.5,,5,5,1.376,1.376,1.515,1.515,1.5,1.5,,,,783,2.64,Angle
29,ISA35X35X4,2.0881,35,35,4,4,,,4.375,,2.9,2.9,1.044,1.044,1.16,1.16,1.2,1.2,,,,1408,2.66,Angle
30,ISA30X30X5,2.17445,30,30,5,5,,,3,,2.1,2.1,0.871,0.871,1.01,1.01,1,1,,,,2292,2.77,Angle
31,ISA45X30X4,2.2451,45,30,4,4,,,3.75,,5.7,2,1.412,0.836,1.512,1.307,1.9,0.9,,,,1515,2.86,Angle
32,ISA50X50X3,2.31575,50,50,3,3,,,8.33333333333333,,69000,69000,15.29,15.29,1875,1875,1900,1900,,,,873,2.95,Angle
33,ISA40X25X5,2.3707,40,25,5,5,,,2.5,,46000,14000,12.34,6.81,1377,1007,1800,700,,,,2500,3.02,Angle
34,ISNB25M,2.4021,34,0,3,3,,,0,,36100,36100,10.86,10.86,2142,2142,2140,2140,,,,72200,3.06,Pipe
35,ISA40X40X4,2.40995,40,40,4,4,,,5,,45000,45000,12.11,12.11,1563,1563,1600,1600,,,,1621,3.07,Angle
36,ISA50X30X4,2.40995,50,30,4,4,,,3.75,,77000,21000,15.84,8.27,1787,1250,2300,900,,,,1623,3.07,Angle
37,ISNB32L,2.55125,42,0,3,3,,,0,,64700,64700,14.11,14.11,3052,3052,3050,3050,,,," 1,29,400 ",3.25,Pipe
38,ISA35X35X5,2.56695,35,35,5,5,,,3.5,,35000,35000,10.35,10.35,1423,1423,1400,1400,,,,2708,3.27,Angle
39,ISA45X45X4,2.72395,45,45,4,4,,,5.625,,65000,65000,13.69,13.69,2000,2000,2000,2000,,,,1835,3.47,Angle
40,ISB38X38X2.6,2.73965,38,38,3,3,,,6.33333333333333,,71400,71400,14.3,14.3,3758,3758,3760,3760,,,," 1,16,400 ",3.49,Box
41,ISB50X25X2.6,2.73965,50,25,3,3,,,4.16666666666667,," 1,01,600 ",33600,17.06,9.81,4064,2688,4060,2690,,,,84900,3.49,Box
42,ISA45X30X5,2.7632,45,30,5,5,,,3,,69000,24000,14,8.26,1850,1589,2300,1100,,,,2917,3.52,Angle
43,ISA40X25X6,2.7946,40,25,6,6,,,2.08333333333333,,54000,16000,12.32,6.7,1631,1119,2100,900,,,,4248,3.56,Angle
44,ISNB25H,2.92805,34,0,4,4,,,0,,41900,41900,10.6,10.6,2487,2487,2480,2480,,,,83800,3.73,Pipe
45,ISA40X40X5,2.9673,40,40,5,5,,,4,,54000,54000,11.95,11.95,1901,1901,1900,1900,,,,3125,3.78,Angle
46,ISA50X30X5,2.9673,50,30,5,5,,,3,,93000,25000,15.69,8.13,2183,1453,2800,1100,,,,3125,3.78,Angle
47,ISA35X35X6,3.0301,35,35,6,6,,,2.91666666666667,,41000,41000,10.31,10.31,1694,1694,1700,1700,,,,4608,3.86,Angle
48,ISA50X50X4,3.0458,50,50,4,4,,,6.25,,91000,91000,15.31,15.31,2507,2507,2500,2500,,,,2048,3.88,Angle
49,ISNB32M,3.0929,42,0,3,3,,,0,,76200,76200,13.91,13.91,3594,3594,3590,3590,,,," 1,52,400 ",3.94,Pipe
50,ISNB40L,3.24205,48,0,3,0,,,#DIV/0!,," 1,07,000 "," 1,07,000 ",16.1,16.1,4431,4431,4430,4430,,,," 2,14,000 ",4.13,Pipe
51,ISA45X30X6,3.2656,45,30,6,6,,,2.5,,80000,28000,13.87,8.2,2168,1806,2700,1300,,,,4968,4.16,Angle
52,ISB38X38X3.2,3.2656,38,38,3,3,,,6.33333333333333,,81800,81800,14.02,14.02,4305,4305,4300,4300,,,," 1,38,200 ",4.16,Box
53,ISB50X25X3.2,3.2656,50,25,3,3,,,4.16666666666667,," 1,16,300 ",38000,16.72,9.56,4652,3040,4650,3040,,,,99500,4.16,Box
54,ISA45X45X5,3.3598,45,45,5,5,,,4.5,,79000,79000,13.59,13.59,2461,2461,2500,2500,,,,3542,4.28,Angle
55,ISA40X40X6,3.50895,40,40,6,6,,,3.33333333333333,,63000,63000,11.87,11.87,2250,2250,2300,2300,,,,5328,4.47,Angle
56,ISA50X30X6,3.50895,50,30,6,6,,,2.5,," 1,09,000 ",29000,15.62,8.05,2583,1648,3400,1300,,,,5328,4.47,Angle
57,ISNT40,3.5168,40,40,6,6,,,3.33333333333333,,63000,30000,11.86,8.18,2250,1500,2200,1500,,,,5328,4.48,Tee
58,ISJT75,3.5325,75,50,3,5,,,5,," 2,48,000 ",46000,23.48,10.11,4509,1840,4500,1800,,,,2256,4.5,Tee
59,ISNB40M,3.55605,48,0,3,0,,,#DIV/0!,," 1,15,900 "," 1,15,900 ",16,16,4799,4799,4800,4800,,,," 2,31,800 ",4.53,Pipe
60,ISB49.5X49.5X2.6,3.6895,50,50,3,3,,,8.33333333333333,," 1,69,100 "," 1,69,100 ",18.97,18.97,6832,6832,6830,6830,,,," 2,72,700 ",4.7,Box
61,ISB66X33X2.6,3.6895,66,33,3,3,,,5.5,," 2,51,500 ",84300,23.13,13.39,7621,5109,7620,5110,,,," 2,09,500 ",4.7,Box
62,ISA60X40X5,3.7366,60,40,5,5,,,4,," 1,69,000 ",60000,18.84,11.23,3353,2927,4200,2000,,,,3958,4.76,Angle
63,ISA50X50X5,3.76015,50,50,5,5,,,5,," 1,10,000 "," 1,10,000 ",15.15,15.15,3064,3064,3100,3100,,,,3958,4.79,Angle
64,ISNB32H,3.7837,42,0,4,0,,,#DIV/0!,,89900,89900,13.66,13.66,4241,4241,4240,4240,,,," 1,79,800 ",4.82,Pipe
65,ISB38X38X4.0,3.94855,38,38,4,4,,,4.75,,92600,92600,13.57,13.57,4874,4874,4870,4870,,,," 1,62,000 ",5.03,Box
66,ISA45X45X6,3.97995,45,45,6,6,,,3.75,,92000,92000,13.47,13.47,2902,2902,2900,2900,,,,6048,5.07,Angle
67,ISLT50,4.01135,50,50,4,6,,,4.16666666666667,,99000,64000,13.92,11.19,2598,2560,2600,2500,,,,5299,5.11,Tee
68,ISJT57.5,4.0349,88,50,3,5,,,5,," 3,90,000 ",48000,27.55,9.66,6240,1920,6200,1900,,,,2747,5.14,Tee
69,ISB49.5X49.5X2.9,4.07415,50,50,3,3,,,8.33333333333333,," 1,83,700 "," 1,83,700 ",18.81,18.81,7422,7422,7420,7420,,,," 3,00,300 ",5.19,Box
70,ISB66X33X2.9,4.07415,66,33,3,3,,,5.5,," 2,73,300 ",91200,22.95,13.26,8282,5527,8280,5530,,,," 2,29,800 ",5.19,Box
71,ISNB50L,4.10555,60,0,3,0,,,#DIV/0!,," 2,15,900 "," 2,15,900 ",20.32,20.32,7161,7161,7160,7160,,,," 4,31,800 ",5.23,Pipe
72,ISA65X45X5,4.1291,65,45,5,5,,,4.5,," 2,21,000 ",86000,20.5,12.79,4077,3539,5000,2500,,,,4375,5.26,Angle
73,ISA55X55X5,4.13695,55,55,5,5,,,5.5,," 1,47,000 "," 1,47,000 ",16.7,16.7,3703,3703,3700,3700,,,,4375,5.27,Angle
74,ISA70X45X5,4.3332,70,45,5,5,,,4.5,," 2,72,000 ",88000,22.2,12.63,4564,3877,5700,2500,,,,4583,5.52,Angle
75,ISNB40H,4.3646,48,0,4,0,,,#DIV/0!,," 1,37,700 "," 1,37,700 ",15.74,15.74,5702,5702,5700,5700,,,," 2,75,400 ",5.56,Pipe
76,ISA60X40X6,4.43525,60,40,6,6,,,3.33333333333333,," 1,99,000 ",70000,18.77,11.13,3980,3483,5000,2300,,,,6768,5.65,Angle
77,ISA50X50X6,4.4588,50,50,6,6,,,4.16666666666667,," 1,29,000 "," 1,29,000 ",15.07,15.07,3634,3634,3600,3600,,,,6768,5.68,Angle
78,ISNT50,4.4745,50,50,6,6,,,4.16666666666667,," 1,27,000 ",59000,14.93,10.17,3567,2360,3600,2400,,,,6768,5.7,Tee
79,ISA60X60X5,4.51375,60,60,5,5,,,6,," 1,92,000 "," 1,92,000 ",18.27,18.27,4414,4414,4400,4400,,,,4792,5.75,Angle
80,ISA75X50X5,4.7257,75,50,5,5,,,5,," 3,41,000 "," 1,22,000 ",23.8,14.24,5379,4674,6700,3200,,,,5000,6.02,Angle
81,ISA65X45X6,4.90625,65,45,6,6,,,3.75,," 2,60,000 "," 1,01,000 ",20.4,12.71,4833,4226,5900,3000,,,,7488,6.25,Angle
82,ISA65X65X5,4.90625,35,35,5,5,,,3.5,," 2,47,000 "," 2,47,000 ",19.88,19.88,13955,13955,5200,5200,,,,2708,6.25,Angle
83,ISA55X55X6,4.9141,55,55,6,6,,,4.58333333333333,," 1,73,000 "," 1,73,000 ",16.62,16.62,4402,4402,4400,4400,,,,7488,6.26,Angle
84,ISA80X50X5,4.92195,80,50,5,5,,,5,," 4,06,000 "," 1,23,000 ",25.45,14.01,5901,4731,7500,3200,,,,5208,6.27,Angle
85,ISB49.5X49.5X3.6,4.9298,50,50,4,4,,,6.25,," 2,14,200 "," 2,14,200 ",18.47,18.47,8655,8655,8650,8650,,,," 3,58,200 ",6.28,Box
86,ISB66X33X3.6,4.9298,66,33,4,4,,,4.125,," 3,18,700 "," 1,05,200 ",22.53,12.94,9658,6376,9660,6370,,,," 2,71,700 ",6.28,Box
87,ISJT100,4.9612,100,60,3,5,,,6,," 6,35,000 ",86000,31.7,11.67,8832,2867,8800,2900,,,,3745,6.32,Tee
88,ISNB50M,5.03185,60,0,4,0,,,#DIV/0!,," 2,58,800 "," 2,58,800 ",20.09,20.09,8584,8584,8580,8580,,,," 5,17,600 ",6.41,Pipe
89,ISA70X45X6,5.1496,70,45,6,6,,,3.75,," 3,20,000 "," 1,03,000 ",22.09,12.53,5415,4440,6800,3000,,,,7848,6.56,Angle
90,ISA70X70X5,5.31445,70,70,5,5,,,7,," 3,11,000 "," 3,11,000 ",21.43,21.43,6086,6086,6100,6100,,,,5625,6.77,Angle
91,ISA60X60X6,5.3694,60,60,6,6,,,5,," 2,26,000 "," 2,26,000 ",18.18,18.18,5244,5244,5200,5200,,,,8208,6.84,Angle
92,ISNT60,5.4165,60,60,6,6,,,5,," 2,25,000 "," 1,01,000 ",18.06,12.1,5196,3367,5200,3400,,,,8208,6.9,Tee
93,ISA75X50X6,5.6206,75,50,6,6,,,4.16666666666667,," 4,03,000 "," 1,43,000 ",23.72,14.13,6397,5586,8000,3800,,,,8568,7.16,Angle
94,ISLC75,5.6991,75,40,4,6,,,3.33333333333333,," 6,61,000 "," 1,15,000 ",30.17,12.59,17627,4340,17600,4300,,,,6824,7.26,Channel
95,ISA75X75X5,5.70695,75,75,5,5,,,7.5,," 3,87,000 "," 3,87,000 ",23.07,23.07,7062,7062,7100,7100,,,,6042,7.27,Angle
96,ISNB65L,5.7462,76,0,3,0,,,#DIV/0!,," 4,87,900 "," 4,87,900 ",25.82,25.82,12823,12823,12820,12820,,,," 9,75,800 ",7.32,Pipe
97,ISA60X40X8,5.78545,60,40,8,8,,,2.5,," 2,54,000 ",80000,18.56,10.42,5163,3865,6500,3000,,,,15701,7.37,Angle
98,ISJC100,5.81685,100,45,3,5,,,4.5,," 12,38,000 "," 1,49,000 ",40.87,14.18,24760,4806,24800,4800,,,,4788,7.41,Channel
99,ISA65X65X6,5.8404,65,65,6,6,,,5.41666666666667,," 2,91,000 "," 2,91,000 ",19.78,19.78,6205,6205,6200,6200,,,,8928,7.44,Angle
100,ISA80X50X6,5.8561,80,50,6,6,,,4.16666666666667,," 4,80,000 "," 1,44,000 ",25.37,13.89,7018,5455,9000,3800,,,,8928,7.46,Angle
101,ISB49.5X49.5X4.5,5.9503,50,50,5,5,,,5,," 2,46,400 "," 2,46,400 ",18.03,18.03,9956,9956,9960,9960,,,," 4,24,900 ",7.58,Box
102,ISB66X33X4.5,5.9503,66,33,5,5,,,3.3,," 3,66,400 "," 1,19,300 ",21.99,12.55,11103,7230,11100,7230,,,," 3,18,400 ",7.58,Box
103,ISLB75,6.05235,75,50,4,5,,,5,," 7,27,000 "," 1,00,000 ",30.71,11.39,19387,4000,19400,4000,,,,5264,7.71,I
104,ISNB50H,6.1858,60,0,5,0,,,#DIV/0!,," 3,09,000 "," 3,09,000 ",19.8,19.8,10249,10249,10200,10200,,,," 6,18,000 ",7.88,Pipe
105,ISA70X70X6,6.3271,70,70,6,6,,,5.83333333333333,," 3,68,000 "," 3,68,000 ",21.37,21.37,7273,7273,7300,7300,,,,9648,8.06,Angle
106,ISJT112.5,6.3899,113,80,4,5,,,8,," 10,16,000 "," 2,02,000 ",35.33,15.75,12330,5050,12300,5100,,,,5148,8.14,Tee
107,ISA65X45X8,6.41345,65,45,8,8,,,2.8125,," 3,32,000 "," 1,28,000 ",20.16,12.52,6264,5541,7700,3900,,,,17408,8.17,Angle
108,ISA55X55X8,6.4213,55,55,8,8,,,3.4375,," 2,20,000 "," 2,20,000 ",16.4,16.4,5714,5714,5700,5700,,,,17408,8.18,Angle
109,ISNB65M,6.437,76,0,4,0,,,#DIV/0!,," 5,40,200 "," 5,40,200 ",25.67,25.67,14197,14197,14200,14200,,,," 10,80,400 ",8.2,Pipe
110,ISB72X72X3.2,6.5469,72,72,3,3,,,12,," 6,63,200 "," 6,63,200 ",28.2,28.2,18422,18422,18420,18420,,,," 10,64,800 ",8.34,Box
111,ISB96X48X3.2,6.7039,96,48,3,3,,,8,," 9,86,100 "," 3,32,800 ",33.98,19.74,20544,13867,20540,13870,,,," 8,21,500 ",8.54,Box
112,ISA70X45X8,6.7353,70,45,8,8,,,2.8125,," 4,10,000 "," 1,31,000 ",21.86,12.36,7021,5458,8900,3900,,,,18261,8.58,Angle
113,ISNB80L,6.75885,89,0,3,0,,,#DIV/0!,," 7,92,300 "," 7,92,300 ",30.33,30.33,17825,17825,17820,17820,,,," 15,84,600 ",8.61,Pipe
114,ISA90X60X6,6.79025,90,60,6,6,,,5,," 7,06,000 "," 2,52,000 ",28.57,17.07,9277,8051,11500,5500,,,,10368,8.65,Angle
115,ISA75X75X6,6.7981,75,75,6,6,,,6.25,," 4,57,000 "," 4,57,000 ",22.97,22.97,8401,8401,8400,8400,,,,10368,8.66,Angle
116,ISMC75,6.80595,75,40,4,7,,,2.85714285714286,," 7,60,000 "," 1,26,000 ",29.61,12.06,20267,4684,20300,4700,,,,12089,8.67,Channel
117,ISA60X60X8,7.0336,60,60,8,8,,,3.75,," 2,90,000 "," 2,90,000 ",17.99,17.99,6856,6856,6800,6800,,,,19115,8.96,Angle
118,ISJB150,7.07285,150,50,3,5,,,5,," 32,21,000 ",92000,59.79,10.1,42947,3680,42900,3700,,,,4512,9.01,I
119,ISLT75,7.0964,75,80,5,7,,,5.71428571428571,," 4,19,000 "," 2,76,000 ",21.53,17.47,7249,6900,7200,6900,,,,10899,9.04,Tee
120,ISA80X80X6,7.29265,80,80,6,6,,,6.66666666666667,," 5,60,000 "," 5,60,000 ",24.55,24.55,9622,9622,9600,9600,,,,11088,9.29,Angle
121,ISA75X50X8,7.3633,75,50,8,8,,,3.125,," 5,18,000 "," 1,83,000 ",23.5,13.97,8328,7262,10400,4900,,,,19968,9.38,Angle
122,ISA100X65X6,7.49675,100,65,6,6,,,5.41666666666667,," 9,67,000 "," 3,24,000 ",31.82,18.42,11336,9789,14200,6400,,,,11448,9.55,Angle
123,ISA65X65X8,7.6616,65,65,8,8,,,4.0625,," 3,74,000 "," 3,74,000 ",19.58,19.58,8113,8113,8100,8100,,,,20821,9.76,Angle
124,ISA80X50X8,7.6773,80,50,8,8,,,3.125,," 6,19,000 "," 1,85,000 ",25.16,13.75,9157,6777,11700,4900,,,,20821,9.78,Angle
125,ISA55X55X10,7.8657,55,55,10,10,,,2.75,," 2,63,000 "," 2,63,000 ",16.2,16.2,6958,6958,7000,7000,,,,33333,10.02,Angle
126,ISLC100,7.8657,100,50,4,6,,,4.16666666666667,," 16,47,000 "," 2,48,000 ",40.54,15.73,32940,7337,32900,7300,,,,10598,10.02,Channel
127,ISJC125,7.90495,125,50,3,7,,,3.57142857142857,," 27,00,000 "," 2,57,000 ",51.78,15.98,43200,7649,43200,7600,,,,10589,10.07,Channel
128,ISNB65H,7.9285,76,0,5,0,,,#DIV/0!,," 6,51,200 "," 6,51,200 ",25.39,25.39,17114,17114,17100,17100,,,," 13,02,400 ",10.1,Pipe
129,ISA100X75X6,7.9599,100,75,6,6,,,6.25,," 10,09,000 "," 4,87,000 ",31.54,21.92,12275,10846,14400,8500,,,,12168,10.14,Angle
130,ISLB100,8.01485,100,50,4,6,,,4.16666666666667,," 16,80,000 "," 1,27,000 ",40.56,11.15,33600,5080,33600,5100,,,,10598,10.21,I
131,ISJB175,8.0698,175,50,3,5,,,5,," 47,93,000 ",97000,68.28,9.71,54777,3880,54800,3900,,,,5493,10.28,I
132,ISST100,8.14045,100,50,6,10,,,2.5,," 9,90,000 ",96000,30.9,9.62,14204,3840,14200,3800,,,,22520,10.37,Tee
133,ISA90X90X6,8.21895,90,90,6,6,,,7.5,," 8,01,000 "," 8,01,000 ",27.66,27.66,12173,12173,12200,12200,,,,12528,10.47,Angle
134,ISB72X72X4.0,8.21895,72,72,4,4,,,9,," 7,90,300 "," 7,90,300 ",27.47,27.47,21953,21953,21950,21950,,,," 12,92,200 ",10.47,Box
135,ISB96X48X4.0,8.21895,96,48,4,4,,,6,," 11,75,500 "," 3,93,200 ",33.51,19.38,24490,16383,24490,16380,,,," 9,90,400 ",10.47,Box
136,ISA70X45X10,8.2582,70,45,10,10,,,2.25,," 4,93,000 "," 1,56,000 ",21.65,12.18,8559,6290,10900,4800,,,,35000,10.52,Angle
137,ISA70X70X8,8.3053,70,70,8,8,,,4.375,," 4,74,000 "," 4,74,000 ",21.17,21.17,9518,9518,9500,9500,,,,22528,10.58,Angle
138,ISNB80M,8.3995,89,0,4,0,,,#DIV/0!,," 9,63,600 "," 9,63,600 ",30.01,30.01,21678,21678,21680,21680,,,," 19,27,200 ",10.7,Pipe
139,ISA60X60X10,8.635,60,60,10,10,,,3,," 3,48,000 "," 3,48,000 ",17.79,17.79,8386,8386,8400,8400,,,,36667,11,Angle
140,ISNB90L,8.7135,102,0,4,0,,,#DIV/0!,," 13,32,700 "," 13,32,700 ",34.65,34.65,26234,26234,26230,26230,,,," 26,65,400 ",11.1,Pipe
141,ISA90X60X8,8.92545,90,60,8,8,,,3.75,," 9,15,000 "," 3,24,000 ",28.37,16.88,12168,10658,15100,7200,,,,24235,11.37,Angle
142,ISA75X75X8,8.9333,75,75,8,8,,,4.6875,," 5,90,000 "," 5,90,000 ",22.77,22.77,11007,11007,11000,11000,,,,24235,11.38,Angle
143,ISA75X50X10,9.0432,75,50,10,10,,,2.5,," 6,23,000 "," 2,18,000 ",23.26,13.76,10147,8385,12700,6000,,,,38333,11.52,Angle
144,ISA125X75X6,9.1531,125,75,6,6,,,6.25,," 18,78,000 "," 5,16,000 ",40.13,21.04,17214,12741,22200,8700,,,,13968,11.66,Angle
145,ISA100X100X6,9.16095,100,100,6,6,,,8.33333333333333,," 11,13,000 "," 11,13,000 ",30.88,30.88,15184,15184,15200,15200,,,,13968,11.67,Angle
146,ISMC100,9.1845,100,50,5,8,,,3.125,," 18,67,000 "," 2,59,000 ",39.95,14.88,37340,7464,37300,7500,,,,17004,11.7,Channel
147,ISA65X65X10,9.42,65,65,10,10,,,3.25,," 4,50,000 "," 4,50,000 ",19.36,19.36,9934,9934,9900,9900,,,,40000,12,Angle
148,ISA80X50X10,9.4357,80,50,10,10,,,2.5,," 7,47,000 "," 2,21,000 ",24.93,13.56,11183,7865,14400,6000,,,,40000,12.02,Angle
149,ISA80X80X8,9.58485,80,80,8,8,,,5,," 7,25,000 "," 7,25,000 ",24.37,24.37,12653,12653,12600,12600,,,,25941,12.21,Angle
150,ISNT80,9.61625,80,80,8,8,,,5,," 7,12,000 "," 3,23,000 ",24.11,16.24,12340,8075,12300,8100,,,,25941,12.25,Tee
151,ISNB90M,9.6555,102,0,4,0,,,#DIV/0!,," 14,63,200 "," 14,63,200 ",34.49,34.49,28803,28803,28800,28800,,,," 29,26,400 ",12.3,Pipe
152,ISB72X72X4.8,9.66335,72,72,5,5,,,7.2,," 9,03,100 "," 9,03,100 ",27.09,27.09,25086,25086,25090,25090,,,," 15,00,000 ",12.31,Box
153,ISB96X48X4.8,9.66335,96,48,5,5,,,4.8,," 13,43,500 "," 4,45,500 ",33.04,19.02,27990,18562,27990,18560,,,," 11,45,700 ",12.31,Box
154,ISB122X61X3.6,9.6712,122,61,4,4,,,7.625,," 23,26,100 "," 7,88,300 ",43.45,25.3,38133,25846,38130,25840,,,," 19,31,200 ",12.32,Box
155,ISB91.5X91.5X3.6,9.6712,92,92,4,4,,,11.5,," 15,64,900 "," 15,64,900 ",35.64,35.64,34205,34205,34210,34210,,,," 24,95,900 ",12.32,Box
156,ISNB100L,9.8125,114,0,4,0,,,#DIV/0!,," 19,20,300 "," 19,20,300 ",39.19,39.19,33601,33601,33600,33600,,,," 38,40,600 ",12.5,Pipe
157,ISA100X65X8,9.86745,100,65,8,8,,,4.0625,," 12,59,000 "," 4,19,000 ",31.65,18.26,14899,12774,18700,8500,,,,26761,12.57,Angle
158,ISJB200,9.9224,200,60,3,5,,,6,," 78,07,000 "," 1,73,000 ",78.59,11.7,78070,5767,78100,5800,,,,7489,12.64,I
159,ISJC150,9.93025,150,55,4,7,,,3.92857142857143,," 47,11,000 "," 3,79,000 ",61.03,17.31,62813,9870,62800,9900,,,,14164,12.65,Channel
160,ISNB80H,9.9695,89,0,5,0,,,#DIV/0!,," 11,25,200 "," 11,25,200 ",29.77,29.77,25314,25314,25310,25310,,,," 22,50,400 ",12.7,Pipe
161,ISA125X95X6,10.0951,125,95,6,6,,,7.91666666666667,," 20,32,000 "," 10,21,000 ",39.75,28.18,19767,17603,23100,14000,,,,15408,12.86,Angle
162,ISA70X70X10,10.2207,70,70,10,10,,,3.5,," 5,72,000 "," 5,72,000 ",20.96,20.96,11673,11673,11700,11700,,,,43333,13.02,Angle
163,ISA100X75X8,10.4876,100,75,8,8,,,4.6875,," 13,16,000 "," 6,33,000 ",31.39,21.77,16187,14386,19100,11200,,,,28501,13.36,Angle
164,ISLC125,10.73095,125,65,4,7,,,4.64285714285714,," 35,68,000 "," 5,72,000 ",51.09,20.46,57088,12825,57100,12800,,,,15633,13.67,Channel
165,ISA90X90X8,10.82515,90,90,8,8,,,5.625,," 10,42,000 "," 10,42,000 ",27.49,27.49,16055,16055,16000,16000,,,,29355,13.79,Angle
166,ISA90X60X10,10.99785,90,60,10,10,,,3,," 11,09,000 "," 3,91,000 ",28.14,16.71,14886,12862,18600,8800,,,,46667,14.01,Angle
167,ISA75X75X10,11.0057,75,75,10,10,,,3.75,," 7,14,000 "," 7,14,000 ",22.57,22.57,13523,13523,13500,13500,,,,46667,14.02,Angle
168,ISJC175,11.1784,175,60,4,7,,,4.28571428571429,," 71,99,000 "," 5,05,000 ",71.1,18.83,82274,11882,82300,11900,,,,15647,14.24,Channel
169,ISMB100,11.461,100,75,4,7,,,5.35714285714286,," 25,75,000 "," 4,08,000 ",42,16.72,51500,10880,51500,10900,,,,20489,14.6,I
170,ISNB90H,11.461,102,0,5,0,,,#DIV/0!,," 17,14,400 "," 17,14,400 ",34.27,34.27,33748,33748,33750,33750,,,," 34,28,800 ",14.6,Pipe
171,ISA80X80X10,11.81425,80,80,10,10,,,4,," 8,77,000 "," 8,77,000 ",24.14,24.14,15495,15495,15500,15500,,,,50000,15.05,Angle
172,ISLB125,11.8692,125,75,4,7,,,5.35714285714286,," 40,68,000 "," 4,34,000 ",51.87,16.94,65088,11573,65100,11600,,,,16911,15.12,I
173,ISB122X61X4.5,11.8849,122,61,5,5,,,6.1,," 27,89,400 "," 9,37,800 ",42.92,24.89,45728,30748,45730,30750,,,," 23,39,800 ",15.14,Box
174,ISB91.5X91.5X4.5,11.8849,92,92,5,5,,,9.2,," 18,75,700 "," 18,75,700 ",35.2,35.2,40999,40999,41000,41000,,,," 30,41,200 ",15.14,Box
175,ISA125X75X8,12.0733,125,75,8,8,,,4.6875,," 24,55,000 "," 6,72,000 ",39.95,20.9,22689,16193,29400,11500,,,,32768,15.38,Angle
176,ISA100X100X8,12.08115,100,100,8,8,,,6.25,," 14,51,000 "," 14,51,000 ",30.71,30.71,20041,20041,20000,20000,,,,32768,15.39,Angle
177,ISNB100M,12.1675,114,0,5,0,,,#DIV/0!,," 23,43,000 "," 23,43,000 ",38.88,38.88,40997,40997,41000,41000,,,," 46,86,000 ",15.5,Pipe
178,ISA100X65X10,12.17535,100,65,10,10,,,3.25,," 15,32,000 "," 5,07,000 ",31.43,18.08,18303,15045,23100,10400,,,,51667,15.51,Angle
179,ISLT100,12.6856,100,100,6,11,,,4.54545454545455,," 11,66,000 "," 7,50,000 ",26.86,21.54,14816,15000,14800,16000,,,,47497,16.16,Tee
180,ISMC125,12.70915,125,65,5,8,,,4.0625,," 41,64,000 "," 5,99,000 ",50.71,19.23,66624,13136,66600,13100,,,,27562,16.19,Channel
181,ISJB225,12.7798,225,80,4,5,,,8,," 1,30,85,000 "," 4,05,000 ",89.65,15.77," 1,16,311 ",10125," 1,16,300 ",10100,,,,10297,16.28,I
182,ISA100X75X10,12.9525,100,75,10,10,,,3.75,," 16,04,000 "," 7,69,000 ",31.18,21.59,19925,17842,23600,13800,,,,55000,16.5,Angle
183,ISA90X60X12,13.00745,90,60,12,12,,,2.5,," 12,91,000 "," 4,52,000 ",27.91,16.52,17517,14487,22000,10300,,,,79488,16.57,Angle
184,ISMB125,13.031,125,75,4,8,,,4.6875,," 44,90,000 "," 4,37,000 ",52.01,16.23,71840,11653,71800,11700,,,,25067,16.6,I
185,ISA125X95X8,13.3293,125,95,8,8,,,5.9375,," 26,60,000 "," 13,33,000 ",39.58,28.02,26104,23386,30600,18500,,,,36181,16.98,Angle
186,ISA110X110X8,13.3607,110,110,8,8,,,6.875,," 19,50,000 "," 19,50,000 ",33.85,33.85,24375,24375,24400,24400,,,,36181,17.02,Angle
187,ISA90X90X10,13.36855,90,90,10,10,,,4.5,," 12,67,000 "," 12,67,000 ",27.28,27.28,19766,19766,19800,19800,,,,56667,17.03,Angle
188,ISNB110L,13.5805,127,0,5,0,,,#DIV/0!,," 32,53,000 "," 32,53,000 ",43.36,43.36,51228,51228,51200,51200,,,," 65,06,000 ",17.3,Pipe
189,ISA150X75X8,13.6747,150,75,8,8,,,4.6875,," 40,72,000 "," 7,02,000 ",48.35,20.07,30230,13423,41700,11800,,,,37035,17.42,Angle
190,ISJC200,13.94945,200,70,4,7,,,5,," 1,16,12,000 "," 8,42,000 ",80.84,21.77," 1,16,120 ",16740," 1,16,100 ",16700,,,,20971,17.77,Channel
191,ISA80X80X12,13.98085,80,80,12,12,,,3.33333333333333,," 10,19,000 "," 10,19,000 ",23.92,23.92,18262,18262,18300,18300,,,,85248,17.81,Angle
192,ISB122X61X5.4,14.01225,122,61,5,5,,,6.1,," 32,08,300 "," 10,70,300 ",42.4,24.49,52595,35092,52600,35090,,,," 27,20,300 ",17.85,Box
193,ISB91.5X91.5X5.4,14.01225,92,92,5,5,,,9.2,," 21,56,800 "," 21,56,800 ",34.76,34.76,47143,47143,47140,47140,,,," 35,56,700 ",17.85,Box
194,ISLB150,14.1928,150,80,5,7,,,5.71428571428571,," 68,82,000 "," 5,52,000 ",61.7,17.47,91760,13800,91800,13800,,,,21798,18.08,I
195,ISLC150,14.4126,150,75,5,8,,,4.6875,," 69,72,000 "," 10,32,000 ",61.62,23.71,92960,20156,93000,20200,,,,28682,18.36,Channel
196,ISNB110M,14.444,127,0,5,0,,,#DIV/0!,," 34,45,800 "," 34,45,800 ",43.27,43.27,54265,54265,54270,54270,,,," 68,91,600 ",18.4,Pipe
197,ISNB100H,14.5225,114,0,5,0,,,#DIV/0!,," 27,45,000 "," 27,45,000 ",38.52,38.52,48031,48031,48000,48000,,,," 54,90,000 ",18.5,Pipe
198,ISMB150,14.915,150,80,5,8,,,5,," 72,64,000 "," 5,26,000 ",61.83,16.64,96853,13150,96900,13100,,,,28381,19,I
199,ISA125X75X10,14.9307,125,75,10,10,,,3.75,," 30,03,000 "," 8,16,000 ",39.73,20.71,27961,19245,36300,14200,,,,63333,19.02,Angle
200,ISA100X100X10,14.93855,100,100,10,10,,,5,," 17,70,000 "," 17,70,000 ",30.5,30.5,24721,24721,24700,24700,,,,63333,19.03,Angle
201,ISNB125L,14.9935,140,0,5,0,,,#DIV/0!,," 43,72,000 "," 43,72,000 ",47.84,47.84,62591,62591,62600,62600,,,," 87,44,000 ",19.1,Pipe
202,ISNT100,14.9935,100,100,10,10,,,5,," 17,38,000 "," 7,99,000 ",30.17,20.45,24105,15980,24100,16000,,,,63333,19.1,Tee
203,ISHT75,15.29965,75,150,8,9,,,8.33333333333333,," 9,62,000 "," 23,02,000 ",22.22,34.37,16361,30693,16400,30100,,,,49489,19.49,Tee
204,ISA100X75X12,15.3546,100,75,12,12,,,3.125,," 18,75,000 "," 8,95,000 ",30.96,21.39,23526,21158,27900,16300,,,,93888,19.56,Angle
205,ISST150,15.6686,150,75,8,12,,,3.125,," 45,02,000 "," 3,70,000 ",47.49,13.62,43922,9867,43900,9900,,,,62643,19.96,Tee
206,ISA90X90X12,15.84915,90,90,12,12,,,3.75,," 14,79,000 "," 14,79,000 ",27.07,27.07,23328,23328,23300,23300,,,,96768,20.19,Angle
207,ISA130X130X8,15.8727,130,130,8,8,,,8.125,," 32,83,000 "," 32,83,000 ",40.29,40.29,34558,34558,34500,34500,,,,43008,20.22,Angle
208,ISB113.5X113.5X4.8,15.9198,114,114,5,5,,,11.4,," 39,33,000 "," 39,33,000 ",44.04,44.04,69304,69304,69300,69300,,,," 63,11,400 ",20.28,Box
209,ISB145X82X4.8,15.9198,145,82,5,5,,,8.2,," 55,51,600 "," 22,85,000 ",52.32,33.57,76574,55732,76570,55730,,,," 52,96,000 ",20.28,Box
210,ISNB125M,15.9355,140,0,5,0,,,#DIV/0!,," 46,34,400 "," 46,34,400 ",47.78,47.78,66348,66348,66350,66350,,,," 92,68,800 ",20.3,Pipe
211,ISA150X115X8,16.1553,150,115,8,8,,,7.1875,," 46,57,000 "," 23,89,000 ",47.57,34.07,37954,33935,44200,27200,,,,43861,20.58,Angle
212,ISNB110H,16.171,127,0,5,0,,,#DIV/0!,," 38,20,000 "," 38,20,000 ",43.06,43.06,60157,60157,60200,60200,,,," 76,40,000 ",20.6,Pipe
213,ISMC150,16.2338,150,75,5,9,,,4.16666666666667,," 77,94,000 "," 10,23,000 ",61.39,22.24," 1,03,920 ",19375," 1,03,900 ",19400,,,,43378,20.68,Channel
214,ISNB135L,16.4065,152,0,5,0,,,#DIV/0!,," 57,22,000 "," 57,22,000 ",52.32,52.32,75092,75092,75100,75100,,,," 1,14,44,000 ",20.9,Pipe
215,ISA125X95X10,16.5007,125,95,10,10,,,4.75,," 32,58,000 "," 16,27,000 ",39.37,27.82,32226,28950,37800,22900,,,,70000,21.02,Angle
216,ISA110X110X10,16.5321,110,110,10,10,,,5.5,," 23,84,000 "," 23,84,000 ",33.65,33.65,30101,30101,30100,30100,,,,70000,21.06,Angle
217,ISLB175,16.7205,175,90,5,7,,,6.42857142857143,," 1,09,62,000 "," 7,96,000 ",71.74,19.33," 1,25,280 ",17689," 1,25,300 ",17700,,,,26838,21.3,I
218,ISA150X75X10,16.9246,150,75,10,10,,,3.75,," 49,91,000 "," 8,53,000 ",48.11,19.89,37274,16034,51600,14500,,,,71667,21.56,Angle
219,ISWB150,17.01095,150,100,5,7,,,7.14285714285714,," 83,91,000 "," 9,48,000 ",62.23,20.92," 1,11,880 ",18960," 1,11,900 ",19000,,,,30005,21.67,I
220,ISNB135M,17.427,152,0,5,0,,,#DIV/0!,," 60,69,200 "," 60,69,200 ",52.29,52.29,79648,79648,79650,79650,,,," 1,21,38,400 ",22.2,Pipe
221,ISLC175,17.584,175,75,5,10,,,3.75,," 1,14,84,000 "," 12,65,000 ",71.6,23.76," 1,31,246 ",24804," 1,31,300 ",24800,,,,49767,22.4,Channel
222,ISA100X100X12,17.73315,100,100,12,12,,,4.16666666666667,," 20,70,000 "," 20,70,000 ",30.27,30.27,29237,29237,29200,29200,,,," 1,08,288 ",22.59,Angle
223,ISB113.5X113.5X5.4,17.741,114,114,5,5,,,11.4,," 43,25,800 "," 43,25,800 ",43.75,43.75,76226,76226,76230,76230,,,," 70,04,900 ",22.6,Box
224,ISB145X82X5.4,17.741,145,82,5,5,,,8.2,," 61,08,500 "," 25,05,900 ",51.99,33.3,84255,61120,84260,61120,,,," 58,65,900 ",22.6,Box
225,ISNB150L,17.8195,165,0,5,0,,,#DIV/0!,," 73,26,000 "," 73,26,000 ",56.81,56.81,88746,88746,88700,88700,,,," 1,46,52,000 ",22.7,Pipe
226,ISNB125H,17.898,140,0,5,0,,,#DIV/0!,," 51,45,000 "," 51,45,000 ",47.5,47.5,73658,73658,73700,73700,,,," 1,02,90,000 ",22.8,Pipe
227,ISNB160L,18.1335,168,0,5,0,,,#DIV/0!,," 77,72,000 "," 77,72,000 ",58,58,92359,92359,92400,92400,,,," 1,55,44,000 ",23.1,Pipe
228,ISB132X132X4.8,18.70655,132,132,5,5,,,13.2,," 63,43,900 "," 63,43,900 ",51.6,51.6,96120,96120,96120,96120,,,," 1,00,85,400 ",23.83,Box
229,ISB172X92X4.8,18.70655,172,92,5,5,,,9.2,," 91,71,300 "," 34,69,100 ",62.04,38.15," 1,06,643 ",75415," 1,06,640 ",75410,,,," 81,89,700 ",23.83,Box
230,ISNB150M,18.997,165,0,5,0,,,#DIV/0!,," 77,73,200 "," 77,73,200 ",56.68,56.68,94164,94164,94160,94160,,,," 1,55,46,400 ",24.2,Pipe
231,ISMC175,19.1383,175,75,6,10,,,3.75,," 1,22,33,000 "," 12,10,000 ",70.84,22.28," 1,39,806 ",22830," 1,39,800 ",22800,,,,62604,24.38,Channel
232,ISMB175,19.3267,175,90,6,9,,,5,," 1,27,20,000 "," 8,50,000 ",71.88,18.58," 1,45,371 ",18889," 1,45,400 ",18900,,,,46915,24.62,I
233,ISNB160M,19.3895,168,0,5,0,,,#DIV/0!,," 82,47,800 "," 82,47,800 ",57.79,57.79,98013,98013,98010,98010,,,," 1,64,95,601 ",24.7,Pipe
234,ISA125X95X12,19.6093,125,95,12,12,,,3.95833333333333,," 38,26,000 "," 19,04,000 ",39.14,27.61,38146,34368,44800,27100,,,," 1,19,808 ",24.98,Angle
235,ISNB135H,19.625,152,0,5,0,,,#DIV/0!,," 67,45,000 "," 67,45,000 ",51.94,51.94,88517,88517,88500,88500,,,," 1,34,90,000 ",25,Pipe
236,ISA110X110X12,19.6407,110,110,12,12,,,4.58333333333333,," 27,96,000 "," 27,96,000 ",33.43,33.43,35663,35663,35700,35700,,,," 1,19,808 ",25.02,Angle
237,ISA130X130X10,19.6721,130,130,10,10,,,6.5,," 40,27,000 "," 40,27,000 ",40.09,40.09,42749,42749,42700,42700,,,,83333,25.06,Angle
238,ISLB200,19.83695,200,100,5,7,,,7.14285714285714,," 1,69,66,000 "," 11,54,000 ",81.94,21.37," 1,69,660 ",23080," 1,69,700 ",23100,,,,35666,25.27,I
239,ISHT100,19.99395,100,200,8,9,,,11.1111111111111,," 19,38,000 "," 49,73,000 ",27.58,44.19,23956,49730,24000,49300,,,,62995,25.47,Tee
240,ISA150X115X10,20.0332,150,115,10,10,,,5.75,," 57,33,000 "," 29,34,000 ",47.4,33.91,47069,42216,54900,33800,,,,85000,25.52,Angle
241,ISA150X75X12,20.1117,150,75,12,12,,,3.125,," 58,70,000 "," 9,95,000 ",47.87,19.71,44102,18392,61200,17100,,,," 1,22,688 ",25.62,Angle
242,ISLC200,20.5827,200,75,6,11,,,3.40909090909091,," 1,72,55,000 "," 14,69,000 ",81.12,23.67," 1,72,550 ",28524," 1,72,600 ",28500,,,,72879,26.22,Channel
243,ISB132X132X5.4,20.87315,132,132,5,5,,,13.2,," 70,01,100 "," 70,01,100 ",51.31,51.31," 1,06,077 "," 1,06,077 "," 1,06,080 "," 1,06,080 ",,,," 1,12,16,500 ",26.59,Box
244,ISB172X92X5.4,20.87315,172,92,5,5,,,9.2,," 1,01,24,700 "," 38,17,400 ",61.71,37.89," 1,17,729 ",82987," 1,17,730 ",82990,,,," 90,89,200 ",26.59,Box
245,ISNB150H,21.2735,165,0,5,0,,,#DIV/0!,," 86,47,000 "," 86,47,000 ",56.49,56.49," 1,04,749 "," 1,04,749 "," 1,05,000 "," 1,05,000 ",,,," 1,72,94,000 ",27.1,Pipe
246,ISNB160H1,21.666,168,0,5,0,,,#DIV/0!,," 91,77,000 "," 91,77,000 ",57.66,57.66," 1,09,055 "," 1,09,055 "," 1,09,000 "," 1,09,000 ",,,," 1,83,54,000 ",27.6,Pipe
247,ISWB175,22.06635,175,125,6,7,,,8.92857142857143,," 1,50,94,000 "," 18,86,000 ",73.28,25.9," 1,72,503 ",30176," 1,72,500 ",30200,,,,44188,28.11,I
248,ISMC200,22.14485,200,75,6,11,,,3.40909090909091,," 1,81,93,000 "," 14,04,000 ",80.31,22.31," 1,81,930 ",26341," 1,81,900 ",26300,,,,87484,28.21,Channel
249,ISNB175L,22.3725,194,0,5,0,,,#DIV/0!,," 1,27,17,100 "," 1,27,17,100 ",66.8,66.8," 1,31,307 "," 1,31,307 "," 1,31,310 "," 1,31,310 ",,,," 2,54,34,199 ",28.5,Pipe
250,ISA150X150X10,22.78855,150,150,10,10,,,7.5,," 62,24,000 "," 62,24,000 ",46.3,46.3,56892,56892,56900,56900,,,,96667,29.03,Angle
251,ISA200X100X10,22.78855,200,100,10,10,,,5,," 1,21,00,000 "," 26,92,000 ",64.56,30.45,67260,38678,92800,26200,,,,96667,29.03,Angle
252,ISNT150,22.8278,150,150,10,10,,,7.5,," 60,38,000 "," 26,75,000 ",45.57,30.33,54643,35667,54600,35700,,,,96667,29.08,Tee
253,ISA130X130X12,23.4087,130,130,12,12,,,5.41666666666667,," 47,38,000 "," 47,38,000 ",39.86,39.86,50728,50728,50700,50700,,,," 1,42,848 ",29.82,Angle
254,ISLB225,23.4872,225,100,6,9,,,5.55555555555556,," 2,50,18,999 "," 11,27,000 ",91.44,19.41," 2,22,391 ",22540," 2,22,400 ",22500,,,,55918,29.92,I
255,ISA150X115X12,23.8483,150,115,12,12,,,4.79166666666667,," 67,65,000 "," 34,53,000 ",47.19,33.71,55909,50335,65300,40200,,,," 1,45,728 ",30.38,Angle
256,ISLC225,23.96605,225,90,6,10,,,4.5,," 2,54,78,999 "," 20,95,000 ",91.35,26.2," 2,26,480 ",32034," 2,26,500 ",32000,,,,76979,30.53,Channel
257,ISA110X110X15,24.18585,110,110,15,15,,,3.66666666666667,," 33,74,000 "," 33,74,000 ",33.09,33.09,43648,43648,43700,43700,,,," 2,30,625 ",30.81,Angle
258,ISNB160H2,25.12,168,0,6,0,,,#DIV/0!,," 1,05,30,000 "," 1,05,30,000 ",57.36,57.36," 1,25,134 "," 1,25,134 "," 1,25,000 "," 1,25,000 ",,,," 2,10,60,000 ",32,Pipe
259,ISNB175M,25.12,194,0,5,0,,,#DIV/0!,," 1,41,70,000 "," 1,41,70,000 ",66.54,66.54," 1,46,309 "," 1,46,309 "," 1,46,000 "," 1,46,000 ",,,," 2,83,40,000 ",32,Pipe
260,ISNB200L,25.3555,219,0,5,0,,,#DIV/0!,," 1,85,65,100 "," 1,85,65,100 ",75.81,75.81," 1,69,467 "," 1,69,467 "," 1,69,470 "," 1,69,470 ",,,," 3,71,30,200 ",32.3,Pipe
261,ISMB200,25.37905,200,100,6,11,,,4.54545454545455,," 2,23,53,999 "," 15,00,000 ",83.15,21.54," 2,23,540 ",30000," 2,23,500 ",30000,,,,94994,32.33,I
262,ISMC225,25.91285,225,80,6,12,,,3.33333333333333,," 2,69,46,001 "," 18,72,000 ",90.35,23.81," 2,39,520 ",32842," 2,39,500 ",32800,,,," 1,19,180 ",33.01,Channel
263,ISA200X150X10,26.69,200,150,10,10,,,7.5,," 1,37,79,000 "," 66,96,000 ",63.66,44.38,83560,74317,98300,58300,,,," 1,13,333 ",34,Angle
264,ISHB150-1,27.0668,150,150,5,9,,,8.33333333333333,," 1,45,56,000 "," 43,17,000 ",64.97,35.38," 1,94,080 ",57560," 1,94,100 ",57600,,,,79828,34.48,I
265,ISA150X150X12,27.15315,150,150,12,12,,,6.25,," 73,54,000 "," 73,54,000 ",46.11,46.11,67716,67716,67700,67700,,,," 1,65,888 ",34.59,Angle
266,ISA200X100X12,27.15315,200,100,12,12,,,4.16666666666667,," 1,43,17,000 "," 24,62,000 ",64.34,26.68,79983,34922," 1,10,600 ",31100,,,," 1,65,888 ",34.59,Angle
267,ISNB175H,27.318,194,0,6,0,,,#DIV/0!,," 1,53,52,000 "," 1,53,52,000 ",66.42,66.42," 1,58,513 "," 1,58,513 "," 1,58,650 "," 1,58,650 ",,,," 3,07,03,999 ",34.8,Pipe
268,ISHT125,27.35725,125,250,9,10,,,12.5,," 41,54,000 "," 1,00,58,000 ",34.52,53.72,41007,80464,41000,79900,,,," 1,02,247 ",34.85,Tee
269,ISLB250,27.89105,250,125,6,8,,,7.8125,," 3,71,78,000 "," 19,34,000 ",102.29,23.33," 2,97,424 ",30944," 2,97,400 ",30900,,,,63622,35.53,I
270,ISLC250,27.98525,250,100,6,11,,,4.54545454545455,," 3,68,78,999 "," 29,84,000 ",101.71,28.93," 2,95,032 ",40877," 2,95,000 ",40900,,,,98965,35.65,Channel
271,ISST200,28.4327,200,165,8,13,,,6.34615384615385,," 1,26,78,000 "," 35,82,000 ",59.16,31.45,83298,43418,83300,43400,,,," 1,39,422 ",36.22,Tee
272,ISWB200,28.81735,200,140,6,9,,,7.77777777777778,," 2,62,45,000 "," 32,88,000 ",84.55,29.93," 2,62,450 ",46971," 2,62,500 ",47000,,,,81810,36.71,I
273,ISA130X130X15,28.89585,130,130,15,15,,,4.33333333333333,," 57,46,000 "," 57,46,000 ",39.51,39.51,62321,62321,62300,62300,,,," 2,75,625 ",36.81,Angle
274,ISHT150,29.3747,150,250,8,11,,,11.3636363636364,," 57,37,000 "," 1,09,68,000 ",39.16,54.14,46491,87744,46500,87700,,,," 1,19,649 ",37.42,Tee
275,ISNB200M,29.4375,219,0,6,0,,,#DIV/0!,," 2,14,10,000 "," 2,14,10,000 ",75.56,75.56," 1,95,436 "," 1,95,436 "," 1,95,000 "," 1,95,000 ",,,," 4,28,20,000 ",37.5,Pipe
276,ISA150X115X15,29.4532,150,115,15,15,,,3.83333333333333,," 82,35,000 "," 41,86,000 ",46.85,33.4,68740,62107,80400,49400,,,," 2,81,250 ",37.52,Angle
277,ISMC250,30.35595,350,80,7,14,,,2.85714285714286,," 3,81,68,000 "," 21,91,000 ",99.35,23.8," 2,18,103 ",38439," 3,05,300 ",38400,,,," 1,87,897 ",38.67,Channel
278,ISHB150-2,30.5993,150,150,8,9,,,8.33333333333333,," 1,54,00,000 "," 48,03,000 ",62.85,35.1," 2,05,333 ",64040," 2,05,300 ",60200,,,,98979,38.98,I
279,ISNB200H,31.0075,219,0,6,0,,,#DIV/0!,," 2,24,70,000 "," 2,24,70,000 ",75.42,75.42," 2,05,112 "," 2,05,112 "," 2,05,000 "," 2,05,000 ",,,," 4,49,40,000 ",39.5,Pipe
280,ISMB225,31.1802,225,110,7,12,,,4.58333333333333,," 3,44,18,000 "," 21,83,000 ",93.09,23.44," 3,05,938 ",39691," 3,05,900 ",39700,,,," 1,38,926 ",39.72,I
281,ISA200X150X12,31.8396,200,150,12,12,,,6.25,," 1,63,49,000 "," 79,32,000 ",63.49,44.22,99689,88924," 1,17,400 ",69600,,,," 1,94,688 ",40.56,Angle
282,ISLB275,32.9857,275,140,6,9,,,7.77777777777778,," 5,37,52,998 "," 28,70,000 ",113.1,26.13," 3,90,931 ",41000," 3,92,400 ",41000,,,,86096,42.02,I
283,ISLC300,33.05635,300,100,7,12,,,4.16666666666667,," 6,04,78,999 "," 34,60,000 ",119.84,28.66," 4,03,193 ",46443," 4,03,200 ",46400,,,," 1,31,810 ",42.11,Channel
284,ISA150X150X15,33.5823,150,150,15,15,,,5,," 89,68,000 "," 89,68,000 ",45.79,45.79,83501,83501,83500,83500,,,," 3,20,625 ",42.78,Angle
285,ISA200X100X15,33.5823,200,100,15,15,,,3.33333333333333,," 1,75,05,000 "," 29,81,000 ",63.97,26.4,98453,41518," 1,36,500 ",38300,,,," 3,20,625 ",42.78,Angle
286,ISWB225,33.9434,225,150,6,10,,,7.5,," 3,92,05,000 "," 44,86,000 ",95.22,32.21," 3,48,489 ",59813," 3,48,500 ",59800,,,," 1,14,961 ",43.24,I
287,ISHB150-3,34.6028,150,150,12,9,,,8.33333333333333,," 1,63,56,000 "," 49,49,000 ",60.91,33.51," 2,18,080 ",65987," 2,18,100 ",63200,,,," 1,45,193 ",44.08,I
288,ISNB225H,34.697,245,0,6,0,,,#DIV/0!,," 3,14,90,000 "," 3,14,90,000 ",84.41,84.41," 2,57,587 "," 2,57,587 "," 2,58,000 "," 2,58,000 ",,,," 6,29,80,000 ",44.2,Pipe
289,ISMC300,35.8274,300,90,8,14,,,3.21428571428571,," 6,36,26,001 "," 31,08,000 ",118.07,26.1," 4,24,173 ",46807," 4,24,200 ",46800,,,," 1,90,845 ",45.64,Channel
290,ISA200X200X12,36.58885,200,200,12,12,,,8.33333333333333,," 1,78,89,000 "," 1,78,89,000 ",61.95,61.95," 1,22,193 "," 1,22,193 "," 1,22,200 "," 1,22,200 ",,,," 2,23,488 ",46.61,Angle
291,ISHB200-1,37.3189,200,200,6,9,,,11.1111111111111,," 3,60,83,999 "," 96,71,000 ",87.12,45.1," 3,60,840 ",96710," 3,60,800 ",96700,,,," 1,10,970 ",47.54,I
292,ISMB250,37.32675,250,125,7,13,,,4.80769230769231,," 5,13,16,001 "," 33,45,000 ",103.88,26.52," 4,10,528 ",53520," 4,10,500 ",53500,,,," 1,87,399 ",47.55,I
293,ISST250,37.48375,250,180,9,14,,,6.42857142857143,," 2,77,43,999 "," 53,20,000 ",76.23,33.38," 1,49,161 ",59111," 1,49,200 ",59100,,,," 2,29,424 ",47.75,Tee
294,ISLB300,37.7428,300,150,7,9,,,8.33333333333333,," 7,33,28,999 "," 37,62,000 ",123.5,27.97," 4,88,860 ",50160," 4,88,900 ",50200,,,," 1,11,250 ",48.08,I
295,ISLC350,38.83395,350,100,7,13,,,3.84615384615385,," 9,31,25,996 "," 39,46,000 ",137.2,28.24," 5,32,149 ",51989," 5,32,100 ",52000,,,," 1,74,108 ",49.47,Channel
296,ISNB250H,38.8575,273,0,6,0,,,#DIV/0!,," 4,41,20,000 "," 4,41,20,000 ",94.41,94.41," 3,23,223 "," 3,23,223 "," 3,23,000 "," 3,23,000 ",,,," 8,82,40,000 ",49.5,Pipe
297,ISA200X150X15,39.44625,200,150,15,15,,,5,," 2,00,56,000 "," 96,99,000 ",63.18,43.93," 1,23,194 "," 1,10,216 "," 1,45,400 ",86000,,,," 3,76,875 ",50.25,Angle
298,ISA150X150X18,39.87015,150,150,18,18,,,4.16666666666667,," 1,04,89,000 "," 1,04,89,000 ",45.44,45.44,98766,98766,98700,98700,,,," 5,48,208 ",50.79,Angle
299,ISHB200-2,39.9879,200,200,8,9,,,11.1111111111111,," 3,72,18,000 "," 99,46,000 ",85.48,44.19," 3,72,180 ",99460," 3,72,200 ",98600,,,," 1,25,989 ",50.94,I
300,ISWB250,40.85925,250,200,7,9,,,11.1111111111111,," 5,94,31,001 "," 85,75,000 ",106.86,40.59," 4,75,448 ",85750," 4,75,400 ",85700,,,," 1,20,459 ",52.05,I
301,ISMC350,42.1231,350,100,8,14,,,3.57142857142857,," 10,00,80,000 "," 43,06,000 ",136.57,28.33," 5,71,886 ",56958," 5,71,900 ",57000,,,," 2,21,243 ",53.66,Channel
302,ISLB325,43.0965,325,165,7,10,,,8.25,," 9,87,45,996 "," 51,08,000 ",134.11,30.5," 6,07,668 ",61915," 6,07,700 ",61900,,,," 1,38,449 ",54.9,I
303,ISHB225-1,43.1279,225,225,7,9,,,12.5,," 5,27,95,000 "," 1,35,38,000 ",98.03,49.64," 4,69,289 "," 1,20,338 "," 4,69,300 "," 1,20,300 ",,,," 1,31,966 ",54.94,I
304,ISMB300,44.1641,300,140,8,12,,,5.83333333333333,," 8,60,35,996 "," 45,39,000 ",123.66,28.4," 5,73,573 ",64843," 5,73,600 ",64800,,,," 2,16,652 ",56.26,I
305,ISA200X200X15,45.373,200,200,15,15,,,6.66666666666667,," 2,19,77,000 "," 2,19,77,000 ",61.66,61.66," 1,51,461 "," 1,51,461 "," 1,51,400 "," 1,51,400 ",,,," 4,33,125 ",57.8,Angle
306,ISLC400,45.72625,400,100,8,14,,,3.57142857142857,," 13,98,95,000 "," 46,04,000 ",154.97,28.11," 6,99,475 ",60262," 6,99,500 ",60200,,,," 2,46,421 ",58.25,Channel
307,ISHB225-2,46.8331,225,225,9,9,,,12.5,," 5,47,87,998 "," 1,39,66,000 ",95.83,48.38," 4,87,004 "," 1,24,142 "," 4,87,000 "," 1,23,000 ",,,," 1,56,881 ",59.66,I
308,ISA200X150X18,46.9116,200,150,18,18,,,4.16666666666667,," 2,35,93,999 "," 1,13,69,000 ",62.83,43.62," 1,46,002 "," 1,31,130 "," 1,72,500 "," 1,01,900 ",,,," 6,45,408 ",59.76,Angle
309,ISWB300,48.14405,300,200,7,10,,,10,," 9,82,15,996 "," 99,01,000 ",126.55,40.18," 6,54,773 ",99010," 6,54,800 ",99000,,,," 1,71,154 ",61.33,I
310,ISNB300H,49.298,324,0,6,0,,,#DIV/0!,," 7,99,20,000 "," 7,99,20,000 ",112.81,112.81," 4,93,486 "," 4,93,486 "," 4,93,000 "," 4,93,000 ",,,," 15,98,40,000 ",62.8,Pipe
311,ISMC400,49.40005,400,100,9,15,,,3.33333333333333,," 15,08,27,998 "," 50,48,000 ",154.81,28.32," 7,54,140 ",66596," 7,54,100 ",66600,,,," 3,17,092 ",62.93,Channel
312,ISLB350,49.46285,350,165,7,11,,,7.5,," 13,15,82,998 "," 63,19,000 ",144.51,31.67," 7,51,903 ",76594," 7,51,900 ",76600,,,," 2,07,166 ",63.01,I
313,ISHB250-1,50.9936,250,250,7,10,,,12.5,," 7,73,65,000 "," 1,96,13,000 ",109.13,54.95," 6,18,920 "," 1,56,904 "," 6,18,900 "," 1,56,900 ",,,," 1,77,364 ",64.96,I
314,ISMB350,52.36735,350,140,8,14,,,5,," 13,63,02,998 "," 53,77,000 ",142.94,28.39," 7,78,874 ",76814," 7,78,900 ",76800,,,," 3,24,211 ",66.71,I
315,ISA200X200X18,54.01585,200,200,18,18,,,5.55555555555556,," 2,58,87,000 "," 2,58,87,000 ",61.34,61.34," 1,79,896 "," 1,79,896 "," 1,79,900 "," 1,79,900 ",,,," 7,42,608 ",68.81,Angle
316,ISHB250-2,54.72235,250,250,9,10,,,12.5,," 7,98,38,999 "," 2,01,17,000 ",107.02,53.72," 6,38,712 "," 1,60,936 "," 63,87,000 "," 15,97,000 ",,,," 2,04,495 ",69.71,I
317,ISLB400,56.85755,400,165,8,13,,,6.34615384615385,," 19,30,63,008 "," 71,64,000 ",163.26,31.45," 9,65,315 ",86836," 9,65,300 ",86800,,,," 2,78,844 ",72.43,I
318,ISWB350,56.9125,350,200,8,11,,,9.09090909090909,," 15,52,17,002 "," 1,17,59,000 ",146.32,40.27," 8,86,954 "," 1,17,590 "," 8,87,000 "," 1,17,600 ",,,," 2,53,381 ",72.5,I
319,ISHB300-1,58.75725,300,250,8,11,,,11.3636363636364,," 12,54,52,002 "," 2,19,36,001 ",129.46,54.14," 8,36,347 "," 1,75,488 "," 8,36,300 "," 1,75,500 ",,,," 2,39,298 ",74.85,I
320,ISMB400,61.5911,400,140,9,16,,,4.375,," 20,45,84,004 "," 62,21,000 ",161.48,28.16," 10,22,920 ",88871,22900,88900,,,," 4,68,770 ",78.46,I
321,ISHB300-2,62.99625,300,250,9,11,,,11.3636363636364,," 12,95,02,002 "," 2,24,67,000 ",127.03,52.91," 8,63,347 "," 1,79,736 "," 8,63,300 "," 1,78,400 ",,,," 2,75,692 ",80.25,I
322,ISLB450,65.2649,450,170,9,13,,,6.53846153846154,," 27,53,60,996 "," 85,30,000 ",181.99,32.03," 12,23,827 "," 1,00,353 "," 12,23,800 "," 1,00,400 ",,,," 3,62,418 ",83.14,I
323,ISWB400,66.73285,400,200,9,13,,,7.69230769230769,," 23,42,66,992 "," 1,38,80,000 ",166,40.41," 11,71,335 "," 1,38,800 "," 11,71,300 "," 1,38,800 ",,,," 3,72,228 ",85.01,I
324,ISHB350-1,67.43935,350,250,8,12,,,10.4166666666667,," 19,15,96,992 "," 2,45,13,999 ",149.34,53.42," 10,94,840 "," 1,96,112 "," 10,94,800 "," 1,96,100 ",,,," 3,22,436 ",85.91,I
325,ISNB350H,68.5305,356,0,8,0,,,#DIV/0!,," 13,11,10,000 "," 13,11,10,000 ",122.55,122.55," 7,37,402 "," 7,37,402 "," 7,37,000 "," 7,37,000 ",,,," 26,22,20,000 ",87.3,Pipe
326,ISHB350-2,72.38485,350,250,10,12,,,10.4166666666667,," 19,80,28,008 "," 2,51,05,000 ",146.55,52.18," 11,31,589 "," 2,00,840 "," 11,31,600 "," 1,99,400 ",,,," 3,72,383 ",92.21,I
327,ISMB450,72.43195,450,150,9,17,,,4.41176470588235,," 30,39,08,008 "," 83,40,000 ",181.49,30.06," 13,50,702 "," 1,11,200 "," 3,50,700 "," 1,11,200 ",,,," 6,41,755 ",92.27,I
328,ISA200X200X25,73.633,200,200,25,25,,,4,," 3,43,63,000 "," 3,43,63,000 ",60.53,60.53," 2,43,364 "," 2,43,364 "," 2,43,300 "," 2,43,300 ",,,," 19,53,125 ",93.8,Angle
329,ISLB500,74.9675,500,180,9,14,,,6.42857142857143,," 38,57,90,000 "," 1,06,39,000 ",200.99,33.38," 15,43,160 "," 1,18,211 "," 15,43,200 "," 1,18,200 ",,,," 4,58,848 ",95.5,I
330,ISHB400-1,77.4481,400,250,9,13,,,9.61538461538462,," 28,08,35,000 "," 2,72,83,000 ",168.72,52.59," 14,04,175 "," 2,18,264 "," 14,04,200 "," 2,18,300 ",,,," 4,35,493 ",98.66,I
331,ISWB450,79.40275,450,200,9,15,,,6.66666666666667,," 35,05,76,016 "," 1,70,67,000 ",186.17,41.08," 15,58,116 "," 1,70,670 "," 15,58,100 "," 1,70,700 ",,,," 5,95,777 ",101.15,I
332,ISHB400-2,82.1581,400,250,11,13,,,9.61538461538462,," 28,82,35,000 "," 2,78,30,000 ",165.95,51.57," 14,41,175 "," 2,22,640 "," 14,44,200 "," 2,21,300 ",,,," 4,90,115 ",104.66,I
333,ISLB550,86.32645,550,190,10,15,,,6.33333333333333,," 53,16,16,016 "," 1,33,51,000 ",219.87,34.84," 19,33,149 "," 1,40,537 "," 19,33,200 "," 1,40,500 ",,,," 5,95,685 ",109.97,I
334,ISMB500,86.9309,500,180,10,17,,,5.29411764705882,," 45,21,83,008 "," 1,36,98,000 ",202.07,35.17," 18,08,732 "," 1,52,200 "," 18,08,700 "," 1,52,200 ",,,," 7,75,313 ",110.74,I
335,ISHB450-1,87.2449,450,250,10,14,,,8.92857142857143,," 39,21,08,008 "," 2,96,52,000 ",187.83,51.65," 17,42,702 "," 2,37,216 "," 17,42,700 "," 2,38,800 ",,,," 5,61,141 ",111.14,I
336,ISHB450-2,92.54365,450,250,11,14,,,8.92857142857143,," 40,34,98,984 "," 3,04,50,000 ",185,50.82," 17,93,329 "," 2,43,600 "," 17,93,300 "," 2,42,100 ",,,," 6,31,815 ",117.89,I
337,ISWB500,95.1577,500,250,10,15,,,8.33333333333333,," 52,29,08,984 "," 2,98,78,000 ",207.69,49.65," 20,91,636 "," 2,39,024 "," 20,91,600 "," 2,39,000 ",,,," 6,81,628 ",121.22,I
338,ISLB600,99.45165,600,210,11,16,,,6.5625,," 72,86,76,016 "," 1,82,19,000 ",239.83,37.92," 24,28,920 "," 1,73,514 "," 24,28,900 "," 1,73,500 ",,,," 7,40,905 ",126.69,I
339,ISMB550,103.70635,550,190,11,19,,,5,," 64,89,36,016 "," 1,83,38,000 ",221.63,37.26," 23,59,767 "," 1,93,032 "," 23,59,800 "," 1,93,000 ",,,," 11,50,107 ",132.11,I
340,ISWB550,112.4905,550,250,11,18,,,6.94444444444445,," 74,90,61,016 "," 3,74,06,001 ",228.63,51.09," 27,23,858 "," 2,99,248 "," 27,23,900 "," 2,99,200 ",,,," 11,07,278 ",143.3,I
341,ISMB600,122.62485,600,210,12,21,,,5,," 91,81,30,000 "," 2,65,10,000 ",242.44,41.2," 30,60,433 "," 2,52,476 "," 30,60,400 "," 2,52,500 ",,,," 15,81,486 ",156.21,I
342,ISWB600-1,133.7483,600,250,11,21,,,5.95238095238095,," 1,06,19,85,000 "," 4,70,25,000 ",249.66,52.54," 35,39,950 "," 3,76,200 "," 35,40,000 "," 3,76,200 ",,,," 18,71,635 ",170.38,I
343,ISWB600-2,145.1151,600,250,12,24,,,5.20833333333333,," 1,15,62,66,016 "," 5,29,82,998 ",250.1,53.54," 38,54,220 "," 4,23,864 "," 38,54,200 "," 4,23,900 ",,,," 24,93,465 ",184.86,I
344,0,0,0,0,0,0,,,#DIV/0!,,0,0,0,0,0,0,0,0,,,,0,0,0
,,,,,,,,,,,,,,,,,,,,,,,0,0
,,,,,,,,,,,,,,,,,,,,,,,0,0
,,,,,,,,,,,,,,,,,,,,,,,0,0
,,,,,,,,,,,,,,,,,,,,,,,0,0
,,,,,,,,,,,,,,,,,,,,,,,0,0
,,,,,,,,,,,,,,,,,,,,,,,0,0
,,,,,,,,,,,,,,,,,,,,,,,0,0
,,,,,,,,,,,,,,,,,,,,,,,0,0
,,,,,,,,,,,,,,,,,,,,,,,0,0
,,,,,,,,,,,,,,,,,,,,,,,0,0
,,,,,,,,,,,,,,,,,,,,,,,0,0
,,,,,,,,,,,,,,,,,,,,,,,0,0
,,,,,,,,,,,,,,,,,,,,,,,0,0
,,,,,,,,,,,,,,,,,,,,,,,0,0
,,,,,,,,,,,,,,,,,,,,,,,0,0
,,,,,,,,,,,,,,,,,,,,,,,0,0
,,,,,,,,,,,,,,,,,,,,,,,0,0
,,,,,,,,,,,,,,,,,,,,,,,0,0
,,,,,,,,,,,,,,,,,,,,,,,0,0
,,,,,,,,,,,,,,,,,,,,,,,0,0
,,,,,,,,,,,,,,,,,,,,,,,0,0
,,,,,,,,,,,,,,,,,,,,,,,0,0
,,,,,,,,,,,,,,,,,,,,,,,0,0
,,,,,,,,,,,,,,,,,,,,,,,0,0
,,,,,,,,,,,,,,,,,,,,,,,0,0
,,,,,,,,,,,,,,,,,,,,,,,0,0
,,,,,,,,,,,,,,,,,,,,,,,0,0
,,,,,,,,,,,,,,,,,,,,,,,0,0
,,,,,,,,,,,,,,,,,,,,,,,0,0
,,,,,,,,,,,,,,,,,,,,,,,0,0
,,,,,,,,,,,,,,,,,,,,,,,0,0
,,,,,,,,,,,,,,,,,,,,,,,0,0
,,,,,,,,,,,,,,,,,,,,,,,0,
,,,,,,,,,,,,,,,,,,,,,,,0,
,,,,,,,,,,,,,,,,,,,,,,,0,
,,,,,,,,,,,,,,,,,,,,,,,0,
,,,,,,,,,,,,,,,,,,,,,,,0,
,,,,,,,,,,,,,,,,,,,,,,,0,
,,,,,,,,,,,,,,,,,,,,,,,0,
,,,,,,,,,,,,,,,,,,,,,,,0,
,,,,,,,,,,,,,,,,,,,,,,,0,
,,,,,,,,,,,,,,,,,,,,,,,0,
,,,,,,,,,,,,,,,,,,,,,,,0,
,,,,,,,,,,,,,,,,,,,,,,,0,
,,,,,,,,,,,,,,,,,,,,,,,0,
,,,,,,,,,,,,,,,,,,,,,,,0,
,,,,,,,,,,,,,,,,,,,,,,,0,
,,,,,,,,,,,,,,,,,,,,,,,0,
,,,,,,,,,,,,,,,,,,,,,,,0,
,,,,,,,,,,,,,,,,,,,,,,,0,
,,,,,,,,,,,,,,,,,,,,,,,0,
,,,,,,,,,,,,,,,,,,,,,,,0,
,,,,,,,,,,,,,,,,,,,,,,,0,
,,,,,,,,,,,,,,,,,,,,,,,0,
,,,,,,,,,,,,,,,,,,,,,,,0,
,,,,,,,,,,,,,,,,,,,,,,,0,
,,,,,,,,,,,,,,,,,,,,,,,0,
,,,,,,,,,,,,,,,,,,,,,,,0,
,,,,,,,,,,,,,,,,,,,,,,,0,
,,,,,,,,,,,,,,,,,,,,,,,0,
,,,,,,,,,,,,,,,,,,,,,,,0,
,,,,,,,,,,,,,,,,,,,,,,,0,
,,,,,,,,,,,,,,,,,,,,,,,0,
,,,,,,,,,,,,,,,,,,,,,,,0,
,,,,,,,,,,,,,,,,,,,,,,,0,
,,,,,,,,,,,,,,,,,,,,,,,0,
,,,,,,,,,,,,,,,,,,,,,,,0,
,,,,,,,,,,,,,,,,,,,,,,,0,
,,,,,,,,,,,,,,,,,,,,,,,0,
,,,,,,,,,,,,,,,,,,,,,,,0,
