id,sec,wt,h,b,s(tw),t(tf),r1,r2,b/2t,d/s,ix,iy,rx,ry,zx,zy,sx,sy,u,x,H,J,area
1,WPB 800x300x,317.35,814,303,21,40,30,,,,,,,,,,,,,,,,
2,WPB 700x300x,300.67,716,304,21,40,27,,,,,,,,,,,,,,,,
3,WPB 650x300x,293.38,668,305,21,40,27,,,,,,,,,,,,,,,,
4,WPB 900x300x,291.45,900,300,18.5,35,30,,,,,,,,,,,,,,,,
5,WPB 600x300x,285.47,620,305,21,40,27,,,,,,,,,,,,,,,,
6,WPB 280x280x,284.13,280,280,105,18,24,,,,,,,,,,,,,,,,
7,WPB 550x300x,278.19,572,306,21,40,27,,,,,,,,,,,,,,,,
8,WPB 500x300x,270.27,524,306,21,40,27,,,,,,,,,,,,,,,,
9,WPB 450x300x,263.32,478,307,21,40,27,,,,,,,,,,,,,,,,
10,WPB 800x300x,262.33,800,300,17.5,33,30,,,,,,,,,,,,,,,,
11,WPB 400x300x,255.74,432,307,21,40,27,,,,,,,,,,,,,,,,
12,WPB 850x300x,253.68,859,292,17,30.8,30,,,,,,,,,,,,,,,,
13,WPB 900x300x,251.61,890,300,16,30,30,,,,,,,,,,,,,,,,
14,WPB 360x300x,250.26,395,308,21,40,27,,,,,,,,,,,,,,,,
15,WPB 340x300x,247.92,377,309,21,40,27,,,,,,,,,,,,,,,,
16,WPB 320x300x,244.96,359,309,21,40,27,,,,,,,,,,,,,,,,
17,WPB 700x300x,240.51,700,300,17,32,27,,,,,,,,,,,,,,,,
18,WPB 400x400x,239.62,380,395,18.9,30.2,27,,,,,,,,,,,,,,,,
19,WPB 300x300x,237.92,340,310,21,39,27,,,,,,,,,,,,,,,,
20,WPB 850x300x,230.55,851,294,16.1,26.8,30,,,,,,,,,,,,,,,,
21,WPB 650x300x,224.78,650,300,16,31,27,,,,,,,,,,,,,,,,
22,WPB 800x300x,224.37,790,300,15,28,30,,,,,,,,,,,,,,,,
23,WPB 400x400x,219.66,375,394,17.3,27.7,27,,,,,,,,,,,,,,,,
24,WPB 850x300x,214.24,846,293,15.4,24.3,30,,,,,,,,,,,,,,,,
25,WPB 600x300x,211.92,600,300,15.5,30,27,,,,,,,,,,,,,,,,
26,WPB 700x300x,204.48,690,300,14.5,27,27,,,,,,,,,,,,,,,,
27,WPB 550x300x,199.44,550,300,15,29,27,,,,,,,,,,,,,,,,
28,WPB 900x300x,198,870,300,15,20,30,,,,,,,,,,,,,,,,
29,WPB 360x370x,197.65,372,374,16.4,25.8,27,,,,,,,,,,,,,,,,
30,WPB 850x300x,195.73,840,292,14.7,21.3,30,,,,,,,,,,,,,,,,
31,WPB 400x400x,191.1,368,391,15,24.2,27,,,,,,,,,,,,,,,,
32,WPB 650x300x,189.69,640,300,13.5,26,27,,,,,,,,,,,,,,,,
33,WPB 280x280x,188.53,310,288,18.5,33,24,,,,,,,,,,,,,,,,
34,WPB 500x300x,187.33,500,300,14.5,28,27,,,,,,,,,,,,,,,,
35,WPB 360x370x,182.01,368,373,15,23.8,27,,,,,,,,,,,,,,,,
36,WPB 850x300x,179.89,835,292,14,18.8,30,,,,,,,,,,,,,,,,
37,WPB 600x300x,177.77,590,300,13,25,27,,,,,,,,,,,,,,,,
38,WPB 260x260x,172.42,290,268,18,32.5,24,,,,,,,,,,,,,,,,
39,WPB 800x300x,171.51,770,300,14,18,30,,,,,,,,,,,,,,,,
40,WPB 450x300x,171.11,450,300,14,26,27,,,,,,,,,,,,,,,,
41,WPB 550x300x,166.23,540,300,12.5,24,27,,,,,,,,,,,,,,,,
42,WPB 360x370x,165.34,364,371,13.3,21.8,27,,,,,,,,,,,,,,,,
43,WPB 240x240x,156.67,270,248,18,32,21,,,,,,,,,,,,,,,,
44,WPB 400x300x,155.26,400,300,13.5,24,27,,,,,,,,,,,,,,,,
45,WPB 500x300x,155.07,490,300,12,23,27,,,,,,,,,,,,,,,,
46,WPB 360x370x,150.87,360,370,12.3,19.8,27,,,,,,,,,,,,,,,,
47,WPB 700x300x,149.89,670,300,13,17,27,,,,,,,,,,,,,,,,
48,WPB 250x250x,148.37,280,263,17.3,27.6,24,,,,,,,,,,,,,,,,
49,WPB 360x300x,141.8,360,300,12.5,22.5,27,,,,,,,,,,,,,,,,
50,WPB 260x260x,141.51,278,265,15.5,26.5,24,,,,,,,,,,,,,,,,
51,WPB 450x300x,139.75,440,300,11.5,21,27,,,,,,,,,,,,,,,,
52,WPB 650x300x,137.97,620,300,12.5,16,27,,,,,,,,,,,,,,,,
53,WPB 360x370x,136.2,356,369,11.2,17.8,27,,,,,,,,,,,,,,,,
54,WPB 340x300x,134.15,340,300,12,21.5,27,,,,,,,,,,,,,,,,
55,WPB 250x250x,133.91,275,261,15.4,25.1,24,,,,,,,,,,,,,,,,
56,WPB 500x300x,129.77,480,300,11.5,18,27,,,,,,,,,,,,,,,,
57,WPB 600x300x,128.79,571,300,12,15.5,27,,,,,,,,,,,,,,,,
58,WPB 320x300x,126.65,320,300,11.5,20.5,27,,,,,,,,,,,,,,,,
59,WPB 400x300x,124.8,390,300,11,19,27,,,,,,,,,,,,,,,,
60,WPB 360x300x,122.06,350,300,10,17.5,27,,,,,,,,,,,,,,,,
61,WPB 550x300x,119.98,522,300,11.5,15,27,,,,,,,,,,,,,,,,
62,WPB 250x250x,117.57,269,259,13.5,22.1,24,,,,,,,,,,,,,,,,
63,WPB 220x220x,117.31,240,226,15.5,26,18,,,,,,,,,,,,,,,,
64,WPB 300x300x,117.03,300,300,11,19,27,,,,,,,,,,,,,,,,
65,WPB 260x260x,114.4,268,262,12.5,21.5,24,,,,,,,,,,,,,,,,
66,WPB 500x300x,107.45,472,300,10.5,14,27,,,,,,,,,,,,,,,,
67,WPB 340x300x,104.78,330,300,9.5,16.5,27,,,,,,,,,,,,,,,,
68,WPB 250x250x,103.97,264,257,11.9,19.6,24,,,,,,,,,,,,,,,,
69,WPB 200x200x,103.06,220,206,15,25,18,,,,,,,,,,,,,,,,
70,WPB 300x300x,100.84,294,300,10,16,27,,,,,,,,,,,,,,,,
71,WPB 450x300x,99.74,425,300,10,13.5,27,,,,,,,,,,,,,,,,
72,WPB 320x300x,97.63,310,300,9,15.5,27,,,,,,,,,,,,,,,,
73,WPB 250x250x,97.03,260,256,12.7,17.6,24,,,,,,,,,,,,,,,,
74,WPB 260x260x,92.98,260,260,10,17.5,24,,,,,,,,,,,,,,,,
75,WPB 400x300x,92.39,378,300,9.5,13,27,,,,,,,,,,,,,,,,
76,WPB 180x180x,88.9,200,186,14.5,24,15,,,,,,,,,,,,,,,,
77,WPB 300x300x,88.33,290,300,8.5,14,27,,,,,,,,,,,,,,,,
78,WPB 250x250x,85.04,253,255,14,14.1,24,,,,,,,,,,,,,,,,
79,WPB 360x300x,83.69,339,300,9,12,27,,,,,,,,,,,,,,,,
80,WPB 200x200x,83.52,209,209,13,19.5,18,,,,,,,,,,,,,,,,
81,WPB 240x240x,83.2,240,240,10,17,21,,,,,,,,,,,,,,,,
82,WPB 340x300x,78.89,320,300,8.5,11.5,27,,,,,,,,,,,,,,,,
83,WPB 280x280x,76.35,270,280,8,13,24,,,,,,,,,,,,,,,,
84,WPB 160x160x,76.19,180,166,14,23,15,,,,,,,,,,,,,,,,
85,WPB 320x300x,74.24,301,300,8,11,27,,,,,,,,,,,,,,,,
86,WPB 200x200x,74.01,206,206,10.2,18,18,,,,,,,,,,,,,,,,
87,WPB 250x250x,73.14,252,250,9,13.6,24,,,,,,,,,,,,,,,,
88,WPB 220x220x,71.47,220,220,9.5,16,18,,,,,,,,,,,,,,,,
89,WPB 300x300x,69.79,283,300,7.5,10.5,27,,,,,,,,,,,,,,,,
90,WPB 260x260x,68.15,250,260,7.5,12.5,24,,,,,,,,,,,,,,,,
91,WPB 250x250x,67.21,247,252,11,11.1,24,,,,,,,,,,,,,,,,
92,WPB 140x140x,63.24,160,146,13,22,12,,,,,,,,,,,,,,,,
93,WPB 200x200x,61.29,200,200,9,15,18,,,,,,,,,,,,,,,,
94,WPB 280x280x,61.25,264,280,7,10,24,,,,,,,,,,,,,,,,
95,WPB 240x240x,60.32,230,240,7.5,12,21,,,,,,,,,,,,,,,,
96,WPB 260x260x,54.14,244,260,6.5,9.5,24,,,,,,,,,,,,,,,,
97,WPB 120x120x,52.13,140,126,12.5,21,12,,,,,,,,,,,,,,,,
98,WPB 180x180x,51.22,180,180,8.5,14,15,,,,,,,,,,,,,,,,
99,WPB 200x200x,50.92,194,202,8,12,18,,,,,,,,,,,,,,,,
100,WPB 220x220x,50.51,210,220,7,11,18,,,,,,,,,,,,,,,,
101,WPB 240x240x,47.39,224,240,6.5,9,21,,,,,,,,,,,,,,,,
102,WPB 160x160x,42.59,160,160,8,13,15,,,,,,,,,,,,,,,,
103,WPB 200x200x,42.26,190,200,6.5,10,18,,,,,,,,,,,,,,,,
104,WPB 100x100x,41.79,120,106,12,20,12,,,,,,,,,,,,,,,,
105,WPB 220x220x,40.4,205,220,6,8.5,18,,,,,,,,,,,,,,,,
106,WPB 150x150x,36.98,162,154,8,11.5,8,,,,,,,,,,,,,,,,
107,WPB 180x180x,35.52,171,180,6,9.5,15,,,,,,,,,,,,,,,,
108,WPB 200x200x,34.64,186,200,5.5,8,18,,,,,,,,,,,,,,,,
109,WPB 140x140x,33.72,140,140,7,12,12,,,,,,,,,,,,,,,,
110,WPB 160x160x,30.44,152,160,6,9,15,,,,,,,,,,,,,,,,
111,WPB 150x150x,30.04,158,153,6.5,9.4,8,,,,,,,,,,,,,,,,
112,WPB 180x180x,28.68,167,180,5,7.5,15,,,,,,,,,,,,,,,,
113,WPB 120x120x,26.69,120,120,6.5,11,12,,,,,,,,,,,,,,,,
114,WPB 140x140x,24.66,133,140,5.5,8.5,12,,,,,,,,,,,,,,,,
115,WPB 160x160x,23.83,148,160,4.5,7,15,,,,,,,,,,,,,,,,
116,WPB 150x150x,22.96,152,152,5.8,6.8,8,,,,,,,,,,,,,,,,
117,WPB 100x100x,20.44,100,100,6,10,12,,,,,,,,,,,,,,,,
118,WPB 120x120x,19.89,114,120,5,8,12,,,,,,,,,,,,,,,,
119,WPB 140x140x,18.07,128,140,4.3,6,12,,,,,,,,,,,,,,,,
120,WPB 100x100x,16.67,96,100,5,8,12,,,,,,,,,,,,,,,,
121,WPB 120x120x,14.56,109,120,4.2,5.5,12,,,,,,,,,,,,,,,,
122,WPB 100x100x,12.24,91,100,4.2,5.5,12,,,,,,,,,,,,,,,,
