,ASTM, American W Shapes to ASTM A6/A36,Unnamed: 2,Unnamed: 3,Unnamed: 4,Unnamed: 5,Unnamed: 6,Unnamed: 7,Unnamed: 8,Unnamed: 9,Unnamed: 10,Unnamed: 11,Unnamed: 12,Unnamed: 13,Unnamed: 14,Unnamed: 15,Unnamed: 16,Unnamed: 17,Unnamed: 18,Unnamed: 19,Unnamed: 20,Unnamed: 21,Unnamed: 22,Unnamed: 23
0,,,Mass,Depth,Width,Thickness of,,Root,Depth,Ratios for,,Second Moment,,Radius,,Elastic,,Plastic,,Buckling,Torsional,Warping,Torsional,Area
1,,,per,of,of,Web,Flange,Radius,between,Local Buckling,,of Area,,of Gyration,,Modulus,,Modulus,,Parameter,Index,Constant,Constant,of
2,,Designation,metre,Section,Section,,,,fillets,Flange,Web,Axis x-x,Axis y-y,Axis x-x,Axis y-y,Axis x-x,Axis y-y,Axis x-x,Axis y-y,,,,,Section
3,,, ,h,b,s,t,r,d,b/2t,d/s,Ix,Iy,rx,ry,Zx,Zy,Sx,Sy,u,x,H,J,A
4,Home,in x in x lb/ft,kg/m,mm,mm,mm,mm,mm,mm, , ,cm4,cm4,cm,cm,cm3,cm3,cm3,cm3, , ,dm6,cm4,cm2
5,1,W40x12x359,534.5,1046,311.4,33,58.9,30,868.2,2.64,26.3,1130700,29960,40.8,6.63,21620,1925,25570,3126,0.866,19.5,73,5576,681
6,2,W40x12x327,486.6,1036.1,308.5,30,54.1,30,867.9,2.85,28.9,1021400,26720,40.6,6.57,19720,1732,23200,2800,0.867,21.1,64.4,4299,620
7,3,W40x12x294,436.9,1025.9,305.4,26.9,49,30,867.9,3.12,32.3,909900,23450,40.4,6.49,17740,1535,20760,2469,0.868,23.1,55.9,3185,557
8,4,W40x12x264,392.7,1016,303,24.4,43.9,30,868.2,3.45,35.6,807700,20500,40.2,6.4,15900,1353,18540,2168,0.868,25.5,48.4,2330,500
9,5,W40x12x235,349.4,1008.1,302,21.1,40,30,868.1,3.77,41.1,723100,18460,40.3,6.44,14350,1223,16590,1941,0.872,27.9,43.3,1718,445
10,6,W40x12x211,314.3,1000,300,19.1,35.9,30,868.2,4.18,45.5,644200,16230,40.1,6.37,12880,1082,14850,1713,0.872,30.7,37.7,1264,400
11,7,W40x12x183,272.3,990.1,300,16.5,31,30,868.1,4.84,52.6,554000,14000,40,6.35,11190,934,12830,1470,0.873,35,32.2,835,347
12,8,W40x12x167,248.7,980.2,300,16.5,26,30,868.2,5.77,52.6,481300,11750,39,6.09,9821,784,11350,1245,0.861,39.9,26.8,582,317
13,9,W40x12x149,222,970.3,300,16,21.1,30,868.1,7.11,54.3,408000,9546,38,5.81,8409,636,9807,1020,0.85,45.7,21.5,390,283
14,10,W36x161/2x359,533.9,950,425,28.4,51.1,24.1,799.6,4.16,28.2,1031300,65560,38.9,9.82,21710,3085,24830,4796,0.887,19.7,132,4516,680
15,11,W36x161/2x328,487.7,942,422,25.9,47,24.1,799.8,4.49,30.9,935500,59010,38.8,9.75,19860,2797,22620,4336,0.887,21.3,118,3499,621
16,12,W36x161/2x300,447.2,933.2,423,24,42.7,24.1,799.6,4.95,33.3,847300,53980,38.6,9.73,18160,2552,20610,3951,0.887,23.3,107,2675,570
17,13,W36x161/2x280,417.7,927.6,421.5,22.5,39.9,24.1,799.6,5.28,35.5,786100,49890,38.4,9.68,16950,2367,19180,3660,0.887,24.8,98.3,2191,532
18,14,W36x161/2x260,387.2,921,420.4,21.3,36.6,24.1,799.6,5.74,37.5,719000,45410,38.2,9.59,15610,2160,17640,3338,0.885,26.7,88.8,1729,493
19,15,W36x161/2x245,364.9,916.4,419.4,20.3,34.3,24.1,799.6,6.11,39.4,671800,42240,38,9.53,14660,2015,16550,3112,0.884,28.3,82.2,1442,465
20,16,W36x161/2x230,342.5,911.9,418.3,19.3,32,24.1,799.7,6.54,41.4,625200,39100,37.9,9.47,13710,1869,15460,2886,0.883,30.2,75.7,1189,436
21,17,W36x12x387,575.6,992.9,321.8,36.1,65,20,822.9,2.48,22.8,1101500,36460,38.8,7.05,22190,2266,26280,3654,0.871,16.8,78.5,7150,733
22,18,W36x12x350,521,980.7,318.8,33,58.9,20,822.9,2.71,24.9,981800,32080,38.5,6.95,20020,2013,23600,3235,0.871,18.4,68.1,5355,664
23,19,W36x12x318,473.3,970.8,315.7,29.9,54.1,20,822.6,2.92,27.5,884600,28580,38.3,6.88,18220,1810,21370,2895,0.872,19.9,60,4106,603
24,20,W36x12x286,425.5,960.9,312.8,26.9,49,20,822.9,3.19,30.6,788200,25150,38.1,6.81,16410,1608,19130,2559,0.873,21.8,52.3,3039,542
25,21,W36x12x256,381.8,950.7,310.3,24.4,43.9,20,822.9,3.53,33.7,697400,21970,37.9,6.72,14670,1416,17040,2248,0.872,24.1,45.2,2208,486
26,22,W36x12x232,345.2,942.9,307.8,22.1,39.9,20,823.1,3.86,37.2,625700,19480,37.7,6.66,13270,1266,15350,2001,0.872,26.3,39.7,1656,440
27,23,W36x12x210,313.2,931.9,309.4,21.1,34.5,20,822.9,4.48,39,549300,17110,37.1,6.55,11790,1106,13650,1753,0.866,29.7,34.4,1169,399
28,24,W36x12x194,288.7,926.8,307.7,19.4,32,20,822.8,4.81,42.4,504400,15600,37,6.51,10890,1014,12570,1601,0.867,31.9,31.2,928,368
29,25,W36x12x182,271.8,922.8,306.7,18.4,30,20,822.8,5.11,44.7,471600,14480,36.9,6.47,10220,944,11790,1489,0.866,33.8,28.8,774,346
30,26,W36x12x170,253.7,918.7,305.6,17.3,27.9,20,822.9,5.48,47.6,437300,13310,36.8,6.42,9520,871,10960,1372,0.866,36.1,26.4,630,323
31,27,W36x12x160,238.4,914.7,304.8,16.5,25.9,20,822.9,5.88,49.9,406500,12260,36.6,6.35,8888,805,10230,1266,0.864,38.5,24.2,518,304
32,28,W36x12x150,224.5,910.6,304.2,15.9,23.9,20,822.8,6.36,51.7,377200,11250,36.3,6.27,8286,739,9552,1165,0.861,41.1,22.1,426,286
33,29,W36x12x135,201.4,903,303.5,15.2,20.1,20,822.8,7.55,54.1,325400,9396,35.6,6.05,7208,619,8361,980,0.853,46.7,18.3,294,257
34,30,W33x153/4x468,697.6,935,418,38.6,69.1,20,756.8,3.02,19.6,1253200,84510,37.6,9.75,26810,4044,31270,6342,0.886,14.2,158,10570,889
35,31,W33x153/4x424,631.8,923,414,35.1,63,20,757,3.29,21.6,1119700,74810,37.3,9.64,24260,3614,28140,5652,0.886,15.5,138,7983,805
36,32,W33x153/4x387,576.6,913,411,32,57.9,20,757.2,3.55,23.7,1011800,67230,37.1,9.57,22160,3271,25570,5101,0.887,16.7,123,6168,734
37,33,W33x153/4x354,528.2,903,409,29.5,53.1,20,756.8,3.85,25.7,915100,60730,36.9,9.5,20270,2970,23280,4621,0.887,18.1,110,4777,673
38,34,W33x153/4x318,473.8,893,406,26.4,48,20,757,4.23,28.7,813200,53670,36.7,9.43,18210,2644,20800,4101,0.888,19.8,95.8,3511,604
39,35,W33x153/4x291,433.8,885,404,24.4,43.9,20,757.2,4.6,31,736300,48350,36.5,9.35,16640,2394,18930,3707,0.887,21.5,85.5,2705,553
40,36,W33x153/4x263,392.2,877,401,22.1,39.9,20,757.2,5.03,34.3,659700,42960,36.3,9.27,15040,2143,17040,3311,0.888,23.5,75.3,2027,500
41,37,W33x153/4x241,359.8,868.2,402.8,21.1,35.6,20,757,5.66,35.9,591700,38850,35.9,9.21,13630,1929,15430,2982,0.884,26,67.3,1510,458
42,38,W33x153/4x221,330.1,861.8,401.4,19.7,32.4,20,757,6.19,38.4,536000,34980,35.7,9.12,12440,1743,14050,2692,0.883,28.3,60.2,1160,421
43,39,W33x153/4x201,299.9,855.5,399.9,18.2,29.2,20,757.1,6.85,41.6,480900,31170,35.5,9.03,11240,1559,12680,2405,0.881,31.1,53.2,866,382
44,40,W33x111/2x361,537.5,925.1,310.6,35.6,64,20,757.1,2.43,21.3,893900,32280,36.1,6.87,19330,2079,22910,3347,0.873,15.8,59.8,6547,685
45,41,W33x111/2x332,494.2,915.2,308.1,33,58.9,20,757.4,2.62,23,811100,28960,35.9,6.78,17730,1880,20920,3020,0.873,17,53.1,5131,630
46,42,W33x111/2x301,449.6,905,305.2,30,54.1,20,756.8,2.82,25.2,730300,25830,35.7,6.72,16140,1692,18950,2706,0.874,18.3,46.7,3945,573
47,43,W33x111/2x271,403.4,895.1,302.1,26.9,49,20,757.1,3.08,28.1,649300,22660,35.5,6.64,14510,1500,16930,2386,0.875,20.1,40.5,2912,514
48,44,W33x111/2x243,362,885.2,299.7,24.4,43.9,20,757.4,3.41,31,574500,19800,35.3,6.55,12980,1321,15080,2096,0.874,22.2,35,2117,461
49,45,W33x111/2x219,327.2,877.1,297.2,22.1,39.9,20,757.3,3.72,34.3,514600,17540,35.1,6.49,11730,1180,13580,1865,0.874,24.3,30.7,1587,417
50,46,W33x111/2x204,303.8,871.2,295.7,20.6,37.1,20,757,3.99,36.7,474100,16050,35,6.44,10880,1086,12560,1712,0.874,26,27.9,1281,387
51,47,W33x111/2x187,279.2,865.1,294.1,19.1,34,20,757.1,4.33,39.6,431500,14470,34.8,6.38,9975,984,11480,1548,0.874,28.1,25,996,356
52,48,W33x111/2x169,251.2,859,292.1,17,31,20,757,4.71,44.5,387600,12920,34.8,6.35,9024,884,10330,1385,0.876,30.7,22.1,746,320
53,49,W33x111/2x152,227,850.6,293.8,16.1,26.8,20,757,5.48,47,340500,11360,34.3,6.27,8007,773,9178,1213,0.87,34.7,19.3,522,289
54,50,W33x111/2x141,211.3,845.8,293,15.4,24.4,20,757,6,49.2,311600,10260,34,6.17,7367,700,8453,1099,0.867,37.5,17.3,413,269
55,51,W33x111/2x130,194.3,840.5,292.4,14.7,21.7,20,757.1,6.74,51.5,280100,9068,33.6,6.05,6666,620,7666,975,0.863,41.3,15.2,312,248
56,52,W33x111/2x118,176.4,834.6,291.6,14,18.8,20,757,7.76,54.1,246900,7792,33.1,5.89,5915,534,6831,842,0.856,46,13,227,225
57,53,W30x15x357,531.6,833,393,31.5,56.9,20,679.2,3.45,21.6,776600,57760,33.9,9.24,18650,2940,21550,4579,0.888,15.3,87,5563,677
58,54,W30x15x326,485.3,823,390,29,52.1,20,678.8,3.74,23.4,698800,51670,33.6,9.14,16980,2650,19530,4120,0.888,16.6,76.8,4280,618
59,55,W30x15x292,434.4,813,387,25.9,47,20,679,4.12,26.2,618800,45520,33.4,9.07,15220,2352,17400,3646,0.889,18.2,66.8,3127,553
60,56,W30x15x261,389.2,803,385,23.6,41.9,20,679.2,4.59,28.8,545200,39940,33.2,8.98,13580,2075,15450,3211,0.888,20.2,57.8,2248,496
61,57,W30x15x235,350.3,795,382,21.1,38.1,20,678.8,5.01,32.2,486900,35460,33,8.91,12250,1857,13860,2865,0.889,22.1,50.8,1675,446
62,58,W30x15x211,315.1,785.9,383.7,19.7,33.4,20,679.1,5.74,34.5,428500,31500,32.7,8.86,10900,1642,12310,2533,0.886,24.8,44.6,1182,401
63,59,W30x15x191,284.8,779.3,382,18,30.1,20,679.1,6.35,37.7,383000,28010,32.5,8.79,9829,1466,11060,2259,0.885,27.3,39.3,875,363
64,60,W30x15x173,258.3,773.2,380.6,16.6,27.1,20,679,7.02,40.9,343000,24930,32.3,8.7,8871,1310,9963,2017,0.884,30,34.7,651,329
65,61,W30x101/2x295,439.5,835.2,281.7,32,57.9,20,679.4,2.43,21.2,597300,21780,32.7,6.24,14300,1547,16940,2489,0.874,15.7,32.9,4410,560
66,62,W30x101/2x269,401.8,825,279.1,29.5,53.1,20,678.8,2.63,23,537800,19410,32.4,6.16,13040,1391,15370,2231,0.874,16.9,28.9,3414,512
67,63,W30x101/2x246,367.3,817.1,276.6,26.9,49,20,679.1,2.82,25.2,488000,17410,32.3,6.1,11950,1259,14010,2011,0.875,18.2,25.7,2661,468
68,64,W30x101/2x226,336.8,809,274.6,24.9,44.9,20,679.2,3.06,27.3,441900,15600,32.1,6.03,10920,1136,12760,1810,0.874,19.7,22.8,2066,429
69,65,W30x101/2x207,308.2,801.1,272.7,23.1,40.9,20,679.3,3.33,29.4,398600,13910,31.9,5.95,9950,1020,11590,1622,0.873,21.4,20.1,1585,393
70,66,W30x101/2x185,276.3,793,270.1,20.6,37.1,20,678.8,3.64,33,354600,12240,31.7,5.9,8943,907,10360,1435,0.875,23.5,17.5,1171,352
71,67,W30x101/2x165,246,785.1,268.1,18.5,33,20,679.1,4.06,36.7,312000,10640,31.6,5.83,7949,794,9168,1252,0.874,26.1,15.1,833,313
72,68,W30x101/2x148,221.2,779,266.2,16.5,30,20,679,4.44,41.2,279600,9465,31.5,5.8,7178,711,8236,1116,0.876,28.6,13.3,621,282
73,69,W30x101/2x132,197.5,769.9,267.8,15.6,25.4,20,679.1,5.27,43.5,241300,8159,31,5.69,6267,609,7203,959,0.869,32.8,11.3,416,252
74,70,W30x101/2x124,185.8,766.3,267.1,14.9,23.6,20,679.1,5.66,45.6,224400,7520,30.8,5.64,5857,563,6730,886,0.868,34.9,10.4,344,237
75,71,W30x101/2x116,174.4,762.3,266.6,14.4,21.6,20,679.1,6.17,47.2,207000,6845,30.5,5.55,5430,513,6249,809,0.864,37.4,9.39,278,222
76,72,W30x101/2x108,161.3,757.7,266.4,13.8,19.3,20,679.1,6.9,49.2,187300,6102,30.2,5.45,4944,458,5702,723,0.86,40.8,8.32,215,205
77,73,W30x101/2x99,148,753.1,265.3,13.2,17,20,679.1,7.8,51.4,167400,5309,29.8,5.31,4447,400,5148,633,0.854,44.8,7.19,163,189
78,74,W30x101/2x90,134.2,750,264.2,11.9,15.5,20,679,8.52,57.1,151700,4778,29.8,5.29,4044,362,4668,570,0.856,48.8,6.44,124,171
79,75,W27x14x336,500.5,762,369,32,57.9,20,606.2,3.19,18.9,606200,48680,30.8,8.74,15910,2638,18490,4114,0.889,13.6,60.3,5459,638
80,76,W27x14x307,458.2,752,367,29.5,53.1,20,605.8,3.46,20.5,546600,43900,30.6,8.67,14540,2392,16810,3723,0.889,14.7,53.6,4229,584
81,77,W27x14x281,419.1,744,364,26.9,49,20,606,3.71,22.5,495400,39500,30.5,8.6,13320,2170,15310,3369,0.89,15.8,47.7,3300,534
82,78,W27x14x258,384.7,736,362,24.9,45,20,606,4.02,24.3,448900,35670,30.3,8.53,12200,1971,13960,3054,0.89,17.1,42.6,2569,490
83,79,W27x14x235,351,728,360,23.1,40.9,20,606.2,4.4,26.2,403400,31880,30,8.44,11080,1771,12640,2742,0.889,18.6,37.6,1953,447
84,80,W27x14x217,324.4,722,359,21.1,38.1,20,605.8,4.71,28.7,371000,29440,30,8.44,10280,1640,11660,2532,0.89,19.9,34.4,1568,413
85,81,W27x14x194,289.1,714,356,19,34,20,606,5.24,31.9,326200,25610,29.8,8.34,9139,1439,10320,2218,0.89,22.1,29.6,1121,368
86,82,W27x14x178,265.7,706.4,357.8,18.4,30.2,20,606,5.92,32.9,292000,23100,29.4,8.26,8268,1291,9336,1992,0.885,24.4,26.4,834,338
87,83,W27x14x161,241.1,700.8,356.1,16.8,27.4,20,606,6.5,36.1,262600,20650,29.2,8.2,7494,1160,8433,1787,0.885,26.7,23.4,627,307
88,84,W27x14x146,218.9,695.4,354.7,15.4,24.8,20,605.8,7.15,39.3,235900,18470,29.1,8.14,6785,1041,7614,1603,0.884,29.2,20.8,471,279
89,85,W27x10x302,451.5,771.9,273.8,35.1,63,20,605.9,2.17,17.3,516900,21800,30,6.16,13390,1593,16000,2568,0.876,13.1,27.4,5429,575
90,86,W27x10x271,404,760,270.3,31.5,56.9,20,606.2,2.38,19.2,455300,18910,29.7,6.06,11980,1399,14210,2246,0.877,14.3,23.4,3980,515
91,87,W27x10x247,368.1,749.8,267.7,28.9,52.1,20,605.6,2.57,21,408400,16800,29.5,5.99,10890,1255,12850,2008,0.877,15.5,20.4,3060,469
92,88,W27x10x221,329.4,739.9,264.8,25.9,47,20,605.9,2.82,23.4,360900,14650,29.3,5.91,9754,1106,11430,1762,0.878,17,17.6,2239,420
93,89,W27x10x201,300.9,732,262.8,23.9,42.9,20,606.2,3.06,25.4,325300,13060,29.1,5.84,8887,994,10370,1579,0.877,18.4,15.5,1719,383
94,90,W27x10x182,271.9,723.9,260.2,21.6,39.1,20,605.7,3.33,28,290700,11540,29,5.77,8033,887,9328,1404,0.878,20,13.5,1295,346
95,91,W27x10x159,237.2,714,257.8,19.1,34,20,606,3.79,31.7,249200,9754,28.7,5.68,6981,757,8062,1194,0.877,22.7,11.3,866,302
96,92,W27x10x143,213.4,707.9,255.8,17,31,20,605.9,4.13,35.6,223500,8681,28.7,5.65,6313,679,7250,1065,0.879,24.8,9.94,649,272
97,93,W27x10x129,192.7,701.8,254.3,15.5,27.9,20,606,4.56,39.1,199500,7673,28.5,5.59,5685,603,6508,945,0.878,27.3,8.71,480,245
98,94,W27x10x114,171,693.2,255.8,14.5,23.6,20,606,5.42,41.8,171500,6605,28.1,5.51,4947,516,5664,810,0.873,31.3,7.4,319,218
99,95,W27x10x102,153.4,688.1,254.4,13.1,21.1,20,605.9,6.03,46.3,152300,5807,27.9,5.45,4428,457,5056,714,0.872,34.6,6.46,232,195
100,96,W27x10x94,140.9,683.8,253.7,12.4,18.9,20,606,6.71,48.9,137400,5158,27.7,5.36,4018,407,4591,637,0.869,37.9,5.7,177,179
101,97,W27x10x84,126.8,678.4,253,11.7,16.3,20,605.8,7.76,51.8,120200,4412,27.3,5.23,3542,349,4060,547,0.863,42.5,4.84,126,161
102,98,W24x123/4x306,455.8,689,340,32,57.9,20,533.2,2.94,16.7,446100,38100,27.7,8.1,12950,2241,15150,3500,0.889,12.2,37.9,5004,581
103,99,W24x123/4x279,417.1,679,338,29.5,53.1,20,532.8,3.18,18.1,401300,34310,27.5,8.04,11820,2030,13750,3164,0.889,13.1,33.6,3877,531
104,100,W24x123/4x250,373.9,669,335,26.4,48,20,533,3.49,20.2,354800,30180,27.3,7.96,10610,1802,12250,2799,0.89,14.4,29.1,2850,476
105,101,W24x123/4x229,342,661,333,24.4,43.9,20,533.2,3.79,21.9,319800,27100,27.1,7.89,9678,1627,11120,2525,0.89,15.6,25.8,2196,436
106,102,W24x123/4x207,308.9,653,330,22.1,39.9,20,533.2,4.14,24.1,285200,23960,26.9,7.8,8736,1452,9985,2248,0.89,17,22.5,1646,393
107,103,W24x123/4x192,287,647,329,20.6,37.1,20,532.8,4.43,25.9,262300,22070,26.8,7.77,8108,1342,9231,2074,0.89,18.1,20.5,1329,366
108,104,W24x123/4x176,262.7,641,327,19,34,20,533,4.81,28.1,237600,19850,26.6,7.7,7412,1214,8405,1874,0.89,19.6,18.3,1028,335
109,105,W24x123/4x162,243.4,635,329.1,17.9,31,20,533,5.31,29.8,217100,18450,26.5,7.71,6836,1121,7728,1729,0.889,21.2,16.8,802,310
110,106,W24x123/4x146,219.4,628.4,327.7,16.5,27.7,20,533,5.92,32.3,192500,16270,26.2,7.63,6126,993,6904,1531,0.887,23.5,14.7,586,280
111,107,W24x123/4x131,197,621.8,326.5,15.4,24.4,20,533,6.69,34.6,169100,14180,26,7.52,5439,868,6120,1339,0.884,26.2,12.6,418,251
112,108,W24x123/4x117,175.9,616.2,325.1,14,21.6,20,533,7.53,38.1,148900,12390,25.8,7.43,4832,762,5421,1173,0.883,29.2,10.9,298,224
113,109,W24x123/4x104,156.4,611.1,323.9,12.7,19,20,533.1,8.52,42,130600,10770,25.6,7.35,4273,665,4784,1023,0.881,32.7,9.44,209,199
114,110,W24x9x239,357.7,685,245.6,31,55.9,20,533.2,2.2,17.2,323800,13960,26.7,5.53,9453,1137,11280,1830,0.877,13,13.8,3425,456
115,111,W24x9x218,325.1,675.1,243.1,28.4,51,20,533.1,2.38,18.8,289300,12330,26.4,5.46,8570,1015,10170,1629,0.877,14.1,12,2611,414
116,112,W24x9x198,296.7,667,240.5,25.9,47,20,533,2.56,20.6,261000,10990,26.3,5.39,7826,914,9231,1461,0.878,15.1,10.6,2029,378
117,113,W24x9x181,270.8,658.6,238.5,23.9,42.9,20,532.8,2.78,22.3,234400,9775,26.1,5.32,7118,820,8357,1308,0.878,16.4,9.26,1558,345
118,114,W24x9x163,244.6,651,235.9,21.6,39.1,20,532.8,3.02,24.7,209500,8611,25.9,5.26,6435,730,7513,1160,0.878,17.8,8.06,1174,312
119,115,W24x9x146,219.8,643.1,234.1,19.6,35.1,20,532.9,3.33,27.2,185500,7549,25.7,5.19,5769,645,6701,1022,0.878,19.6,6.98,860,280
120,116,W24x9x128,191.5,635,231.5,17,30.9,20,533.2,3.75,31.4,160100,6419,25.6,5.13,5041,555,5815,874,0.879,22.1,5.86,584,244
121,117,W24x9x114,173.1,628.9,229.9,15.5,27.9,20,533.1,4.12,34.4,143000,5674,25.5,5.07,4547,494,5225,776,0.879,24.2,5.12,436,221
122,118,W24x9x103,155.1,623.1,228.6,14,24.9,20,533.3,4.59,38.1,126600,4976,25.3,5.02,4064,435,4652,683,0.879,26.8,4.45,315,198
123,119,W24x9x94,141.9,617.5,230.3,13.1,22.2,20,533.1,5.19,40.7,113900,4535,25.1,5.01,3690,394,4216,617,0.876,29.5,4.02,236,181
124,120,W24x9x84,126.7,612.1,229.1,11.9,19.6,20,532.9,5.84,44.8,100200,3940,24.9,4.94,3275,344,3734,538,0.875,32.8,3.46,168,161
125,121,W24x9x76,115.1,607.6,228.3,11.2,17.3,20,533,6.6,47.6,89120,3442,24.7,4.85,2934,301,3348,472,0.871,36.3,3,124,147
126,122,W24x9x68,103.2,602.7,227.7,10.5,14.9,20,532.9,7.64,50.8,77810,2941,24.3,4.73,2582,258,2953,405,0.866,40.7,2.54,87.8,131
127,123,W24x7x62,93.8,603,178.8,10.9,15,20,533,5.96,48.9,66190,1439,23.5,3.47,2196,161,2569,260,0.85,40.4,1.24,81,120
128,124,W24x7x55,83.4,598.7,177.9,10,12.8,20,533.1,6.95,53.3,57510,1209,23.3,3.37,1921,136,2252,220,0.846,45.3,1.04,57,106
129,125,W21x121/4x275,408.6,613,327,31,55.6,12.7,476.4,2.94,15.4,316900,32530,24.7,7.91,10340,1990,12120,3096,0.89,11.2,25.3,4131,521
130,126,W21x121/4x248,361.2,603,324,26.2,50.5,12.7,476.6,3.21,18.2,278900,28710,24.6,7.9,9250,1772,10720,2739,0.894,12.3,21.9,2996,460
131,127,W21x121/4x223,331.2,593,322,25.4,45.5,12.7,476.6,3.54,18.8,247700,25390,24.2,7.76,8355,1577,9656,2442,0.89,13.4,19,2263,422
132,128,W21x121/4x201,299.5,585,319,23.1,41.4,12.7,476.8,3.85,20.6,220700,22450,24.1,7.67,7547,1408,8670,2175,0.89,14.6,16.6,1700,382
133,129,W21x121/4x182,271.3,577,317,21.1,37.6,12.7,476.4,4.22,22.6,196700,20000,23.9,7.61,6820,1262,7792,1947,0.89,15.9,14.6,1277,346
134,130,W21x121/4x166,246.9,571,315.5,19,34.5,12.7,476.6,4.57,25.1,177700,18090,23.8,7.58,6226,1147,7071,1764,0.891,17.2,13,979,314
135,131,W21x121/4x147,218.9,560.3,317.8,18.3,29.2,12.7,476.5,5.44,26,151100,15650,23.3,7.49,5395,985,6115,1518,0.884,19.8,11,642,279
136,132,W21x121/4x132,196.6,554.5,316,16.5,26.3,12.7,476.5,6.01,28.9,134300,13850,23.2,7.44,4843,877,5463,1349,0.884,21.8,9.66,470,250
137,133,W21x121/4x122,181.5,550.7,314.7,15.2,24.4,12.7,476.5,6.45,31.3,123300,12690,23.1,7.41,4478,807,5033,1239,0.885,23.4,8.79,374,231
138,134,W21x121/4x111,165.5,546.4,313.4,14,22.2,12.7,476.6,7.06,34,111300,11400,23,7.35,4072,728,4563,1116,0.885,25.6,7.83,284,211
139,135,W21x121/4x101,150.6,542.5,312.2,12.7,20.3,12.7,476.5,7.69,37.5,100700,10310,22.9,7.33,3712,660,4144,1011,0.885,27.8,7.03,216,192
140,136,W21x81/4x93,138.3,549.1,213.9,14.7,23.6,12.7,476.5,4.53,32.4,86090,3864,22.1,4.68,3136,361,3613,568,0.873,25,2.67,250,176
141,137,W21x81/4x83,123.3,544.3,212.2,13.1,21.2,12.7,476.5,5,36.4,76240,3387,22,4.64,2801,319,3213,500,0.874,27.6,2.32,181,157
142,138,W21x81/4x73,109,539.5,210.7,11.6,18.8,12.7,476.5,5.6,41.1,66800,2939,21.9,4.6,2476,279,2827,435,0.875,30.9,1.99,126,139
143,139,W21x81/4x68,101.4,536.7,210.1,10.9,17.4,12.7,476.5,6.04,43.7,61650,2696,21.8,4.57,2297,257,2619,400,0.874,33.1,1.82,102,129
144,140,W21x81/4x2,92.5,533.1,209.3,10.2,15.6,12.7,476.5,6.71,46.7,55330,2389,21.7,4.5,2076,228,2366,356,0.871,36.4,1.6,76.3,118
145,141,W21x61/2x57,84.8,534.9,166.5,10.3,16.5,12.7,476.5,5.05,46.3,48630,1275,21.2,3.44,1818,153,2107,243,0.862,35.5,0.857,73.8,108
146,142,W21x61/2x50,74.7,529.1,165.9,9.7,13.6,12.7,476.5,6.1,49.1,41060,1040,20.8,3.3,1552,125,1808,200,0.853,41.1,0.691,47.9,95.2
147,143,W21x61/2x44,65.7,524.8,165.1,8.9,11.4,12.7,476.6,7.24,53.6,35040,859,20.5,3.2,1336,104,1561,166,0.847,47,0.566,32,83.7
148,144,W18x71/2x71,106.1,469.1,193.9,12.6,20.6,12.7,402.5,4.71,31.9,49050,2511,19,4.31,2091,259,2397,405,0.878,24.2,1.26,149,135
149,145,W18x71/2x65,96.9,466.4,192.8,11.4,19,12.7,403,5.07,35.4,44770,2276,19,4.29,1920,236,2191,368,0.879,26.1,1.14,116,123
150,146,W18x71/2x60,89.7,463.2,191.9,10.5,17.7,12.7,402.4,5.42,38.3,41190,2090,19,4.28,1779,218,2023,339,0.88,27.9,1.04,93.3,114
151,147,W18x71/2x55,82.4,460,191.3,9.9,16,12.7,402.6,5.98,40.7,37270,1871,18.8,4.22,1620,196,1842,304,0.878,30.5,0.922,71.4,105
152,148,W18x71/2x50,74.7,457,190.4,9,14.5,12.7,402.6,6.57,44.7,33540,1672,18.8,4.19,1468,176,1663,273,0.878,33.4,0.818,53.6,95.1
153,149,W18x6x46,68.9,458.7,153.9,9.1,15.4,12.7,402.5,5,44.2,29860,939,18.4,3.27,1302,122,1496,192,0.87,32.3,0.461,52.9,87.7
154,150,W18x6x40,59.9,454.7,152.8,8,13.3,12.7,402.7,5.74,50.3,25650,793,18.3,3.23,1128,104,1293,163,0.869,36.9,0.386,35.1,76.3
155,151,W18x6x35,52.5,449.6,152.4,7.6,10.8,12.7,402.6,7.06,53,21430,639,17.9,3.09,953,83.9,1100,133,0.859,43.1,0.308,22.2,66.8
156,152,W16x7x57,85.1,417.3,180.8,10.9,18.2,11.5,357.9,4.97,32.8,31640,1798,17.1,4.07,1517,199,1730,310,0.881,24.3,0.716,93.9,108
157,153,W16x7x50,75,413,179.6,9.7,16,11.5,358,5.61,36.9,27530,1548,17,4.03,1333,172,1514,268,0.881,27.3,0.61,64.7,95.6
158,154,W16x7x45,67.6,409.7,178.7,8.8,14.4,11.5,357.9,6.2,40.7,24570,1372,16.9,3.99,1199,154,1358,238,0.88,30.1,0.536,47.7,86.1
159,155,W16x7x40,59.6,406.7,177.7,7.7,12.8,11.5,358.1,6.94,46.5,21600,1199,16.9,3.97,1062,135,1197,208,0.882,33.6,0.465,33.4,76
160,156,W16x7x36,53.7,402.8,177.4,7.5,10.9,11.5,358,8.14,47.7,18710,1016,16.5,3.85,929,115,1051,178,0.873,38.1,0.39,23.2,68.4
161,157,W16x51/2x31,46.5,403.4,140.3,7,11.1,12.7,355.8,6.32,50.8,15710,513,16.3,2.94,779,73.1,891,115,0.869,38.1,0.197,20.1,59.2
162,158,W16x51/2x26,39.5,398.5,139.7,6.4,8.8,12.7,355.5,7.94,55.5,12770,401,15.9,2.82,641,57.4,737,90.6,0.86,45.3,0.152,12,50.3
163,159,W14x16x730,1090,569.4,454.4,78,125,20,279.4,1.82,3.58,597700,196800,20.7,11.9,20990,8662,27280,13410,0.851,3.79,97.2,61290,1389
164,160,W14x16x665,992.5,549.7,448.3,71.9,115,20,279.7,1.95,3.89,518900,173700,20.3,11.7,18880,7751,24300,11980,0.849,4.01,82.1,47520,1264
165,161,W14x16x605,904,531.4,442.3,65.9,106,20,279.4,2.09,4.24,451700,153700,19.8,11.6,17000,6949,21680,10730,0.848,4.25,69.5,36910,1152
166,162,W14x16x550,820.1,514.1,436.9,60.5,97,20,280.1,2.25,4.63,392700,135500,19.4,11.4,15280,6201,19280,9563,0.846,4.54,58.9,28210,1045
167,163,W14x16x500,745.5,497.8,432.1,55.6,88.9,20,280,2.43,5.04,342200,120000,19,11.2,13750,5556,17180,8558,0.844,4.85,50.2,21670,950
168,164,W14x16x455,678.5,483.1,427.6,51.2,81.5,20,280.1,2.62,5.47,299700,106600,18.6,11.1,12410,4985,15360,7671,0.843,5.18,43,16670,864
169,165,W14x16x426,635.6,474.2,424.1,47.6,77.1,20,280,2.75,5.88,274900,98330,18.4,11,11590,4637,14260,7125,0.843,5.41,38.8,13960,810
170,166,W14x16x398,594.1,464.6,421.4,45,72.3,20,280,2.91,6.22,250200,90440,18.2,10.9,10770,4292,13160,6591,0.842,5.69,34.8,11540,757
171,167,W14x16x370,552.3,455.2,418.4,42,67.6,20,280,3.09,6.67,226900,82740,18,10.8,9970,3955,12090,6067,0.841,6,31.1,9404,704
172,168,W14x16x342,510,445.5,415.5,39.1,62.7,20,280.1,3.31,7.16,204100,75140,17.7,10.8,9163,3617,11030,5543,0.84,6.37,27.5,7505,650
173,169,W14x16x311,464.6,436.6,412.2,35.8,57.4,20,281.8,3.59,7.87,182200,67140,17.5,10.7,8346,3258,9953,4987,0.84,6.88,24.1,5752,592
174,170,W14x16x283,423,425.2,409.2,32.8,52.6,20,280,3.89,8.54,160200,60180,17.2,10.6,7535,2941,8913,4497,0.838,7.36,20.9,4419,539
175,171,W14x16x257,383.8,416.1,406.3,29.8,48,20,280.1,4.23,9.4,141900,53740,17,10.5,6818,2645,7996,4040,0.837,7.96,18.2,3350,489
176,172,W14x16x233,347.9,407.4,403.6,27.2,43.7,20,280,4.62,10.3,125500,47950,16.8,10.4,6160,2376,7164,3625,0.836,8.62,15.9,2530,443
177,173,W14x16x219,326.9,403.1,402,25.5,41.2,20,280.7,4.88,11,116800,44660,16.7,10.4,5794,2222,6703,3387,0.836,9.09,14.6,2117,416
178,174,W14x16x211,314.2,399.3,401.3,24.9,39.5,20,280.3,5.08,11.3,110700,42600,16.6,10.3,5543,2123,6395,3236,0.835,9.4,13.8,1880,400
179,175,W14x16x193,288.1,393.2,399,22.6,36.5,20,280.2,5.47,12.4,99990,38680,16.5,10.3,5086,1939,5828,2952,0.835,10.1,12.3,1474,367
180,176,W14x16x176,263.5,386.6,397.5,21.1,33.3,20,280,5.97,13.3,89450,34890,16.3,10.2,4627,1756,5270,2672,0.833,10.9,10.9,1132,336
181,177,W14x16x159,237.6,380.4,395.4,18.9,30.2,20,280,6.55,14.8,79400,31140,16.2,10.1,4174,1575,4719,2394,0.833,11.9,9.55,843,303
182,178,W14x16x145,217.4,375.4,393.7,17.3,27.7,20,280,7.11,16.2,71620,28190,16.1,10.1,3815,1432,4288,2175,0.833,12.8,8.52,652,277
183,179,W14x141/2x132,197.7,372.4,374,16.4,26.2,20,280,7.14,17.1,64140,22860,16,9.53,3445,1223,3866,1858,0.843,13.5,6.85,531,252
184,180,W14x141/2x120,180.2,367.8,372.6,15,23.9,20,280,7.79,18.7,57670,20620,15.9,9.48,3136,1107,3500,1681,0.843,14.6,6.1,406,230
185,181,W14x141/2x109,163.1,363.7,371,13.3,21.8,20,280.1,8.51,21.1,51800,18560,15.8,9.45,2849,1001,3159,1518,0.844,15.9,5.43,307,208
186,182,W14x141/2x99,148.6,360,370,12.3,19.8,20,280.4,9.34,22.8,46650,16720,15.7,9.4,2591,904,2861,1371,0.843,17.3,4.84,233,189
187,183,W14x141/2x90,135.1,356.1,368.8,11.2,18,20,280.1,10.2,25,41870,15060,15.6,9.35,2352,816,2585,1238,0.843,18.9,4.3,177,172
188,184,W14x63/4x38,57.7,358.1,172.1,7.9,13.1,16,299.9,6.57,38,16410,1116,14.9,3.9,917,130,1031,201,0.886,27.3,0.332,37.7,73.5
189,185,W14x63/4x34,51.6,355.1,171.3,7.2,11.6,16,299.98,7.41,41.7,14460,971,14.8,3.84,815,113,914,175,0.885,30.2,0.286,27.2,65.7
190,186,W14x63/4x30,46,351.5,170.9,6.9,9.8,16,299.9,8.72,43.5,12460,817,14.6,3.74,709,95.7,798,149,0.878,34,0.239,19,58.6
191,187,W14x5x26,40.1,353.3,127.6,6.5,10.7,16,299.9,5.96,46.1,10580,372,14.4,2.7,599,58.4,682,92.1,0.875,32.4,0.109,18.2,51.1
192,188,W14x5x22,33.8,349,127,5.8,8.5,16,300,7.47,51.7,8608,292,14.1,2.6,493,46,563,72.8,0.869,38,0.085,11.1,43
193,189,W12x12x336,501.6,427.2,340,45.1,75.1,20,237,2.26,5.25,169300,49430,16.3,8.8,7925,2908,9902,4491,0.861,4.97,15.3,10290,639
194,190,W12x12x305,455.2,414.5,336.2,41.3,68.7,20,237.1,2.45,5.74,147900,43700,16,8.68,7134,2599,8826,4009,0.86,5.32,13.1,7861,580
195,191,W12x12x279,415.9,402.6,333.8,38.9,62.7,20,237.2,2.66,6.1,129800,39020,15.7,8.58,6448,2338,7907,3606,0.857,5.69,11.3,6063,530
196,192,W12x12x252,376.3,391.4,330.3,35.4,57.2,20,237,2.89,6.69,113400,34470,15.4,8.48,5796,2087,7039,3215,0.856,6.11,9.63,4588,479
197,193,W12x12x230,344.1,382.3,327.5,32.6,52.6,20,237.1,3.11,7.27,100800,30890,15.2,8.39,5274,1886,6351,2902,0.856,6.54,8.39,3566,438
198,194,W12x12x210,314.3,373.6,324.9,30,48.3,20,237,3.36,7.9,89570,27680,15,8.32,4795,1704,5726,2618,0.855,7.01,7.32,2763,400
199,195,W12x12x190,284,365.3,321.8,26.9,44.1,20,237.1,3.65,8.81,79050,24550,14.8,8.24,4328,1526,5121,2340,0.855,7.57,6.33,2085,362
200,196,W12x12x170,254.3,356.4,319.3,24.4,39.6,20,237.2,4.03,9.72,68730,21530,14.6,8.15,3857,1349,4520,2066,0.854,8.28,5.4,1518,324
201,197,W12x12x152,227.9,348.2,317,22.1,35.6,20,237,4.45,10.7,59910,18930,14.4,8.08,3441,1195,3998,1828,0.854,9.05,4.63,1109,290
202,198,W12x12x136,203.7,340.6,315,20.1,31.8,20,237,4.95,11.8,52110,16590,14.2,8,3060,1053,3525,1611,0.852,9.95,3.96,800,259
203,199,W12x12x120,179.9,333.2,312.9,18,28.1,20,237,5.57,13.2,44840,14370,14,7.92,2692,918,3074,1403,0.851,11.1,3.34,558,229
204,200,W12x12x106,158.8,327.2,310.6,15.5,25.1,20,237,6.19,15.3,39020,12550,13.9,7.88,2385,808,2699,1232,0.853,12.2,2.86,394,202
205,201,W12x12x96,144.2,322.8,308.9,14,22.9,20,237,6.74,16.9,34970,11260,13.8,7.83,2167,729,2436,1110,0.853,13.3,2.53,300,184
206,202,W12x12x87,130.8,318.3,308,13.1,20.6,20,237.1,7.48,18.1,31100,10040,13.7,7.76,1954,652,2186,993,0.852,14.5,2.22,224,167
207,203,W12x12x79,118.7,314.5,306.8,11.9,18.7,20,237.1,8.2,19.9,27860,9008,13.6,7.72,1772,587,1972,893,0.852,15.8,1.97,170,151
208,204,W12x12x72,108,311.2,305.8,10.9,17,20,237.2,8.99,21.8,25080,8109,13.5,7.68,1612,530,1785,807,0.852,17.1,1.75,130,138
209,205,W12x12x65,97.9,307.8,304.8,9.9,15.4,20,237,9.9,23.9,22460,7274,13.4,7.64,1459,477,1608,725,0.852,18.6,1.55,98.3,125
210,206,W12x4x22,35.1,312.7,102.4,6.6,10.8,20,251.1,4.74,38,7083,197,12.6,2.1,453,38.4,522,62.5,0.873,25.5,0.045,20.1,44.8
211,207,W12x4x19,30.6,308.9,101.7,6,8.9,20,251.1,5.71,41.8,5992,159,12.4,2.02,388,31.3,447,51.2,0.868,28.3,0.036,14.1,39
212,208,W12x4x16,26.1,304.5,101.3,5.6,6.7,20,251.1,7.56,44.8,4845,119,12.1,1.89,318,23.5,369,39.2,0.857,31.9,0.026,9.32,33.3
213,209,W10x10x112,168.7,289,264.5,19.2,31.8,20,185.4,4.16,9.66,30200,9828,11.9,6.76,2090,743,2444,1138,0.852,8.28,1.63,665,215
214,210,W10x10x100,150.4,282,262.6,17.3,28.4,20,185.2,4.62,10.7,26130,8587,11.7,6.7,1853,654,2148,1001,0.851,9.08,1.38,478,192
215,211,W10x10x88,132.6,275.3,260.7,15.4,25.1,20,185.1,5.19,12,22420,7425,11.5,6.63,1628,570,1869,870,0.85,10.1,1.16,334,169
216,212,W10x10x77,116.3,269.3,258.8,13.5,22.1,20,185.1,5.86,13.7,19210,6394,11.4,6.57,1426,494,1622,754,0.85,11.2,0.977,231,148
217,213,W10x10x68,102.9,264.2,257.3,11.9,19.6,20,185,6.56,15.5,16650,5572,11.3,6.52,1260,433,1421,660,0.85,12.4,0.833,163,131
218,214,W10x10x60,91.1,259.6,256,10.7,17.3,20,185,7.4,17.3,14440,4844,11.2,6.46,1112,378,1246,577,0.85,13.8,0.711,115,116
219,215,W10x10x54,81.7,256.3,254.8,9.4,15.6,20,185.1,8.17,19.7,12830,4306,11.1,6.43,1001,338,1113,515,0.851,15,0.624,85.3,104
220,216,W10x10x49,74.5,253.5,254,8.6,14.2,20,185.1,8.94,21.5,11560,3883,11,6.4,912,306,1009,465,0.851,16.2,0.556,66,94.9
221,217,W10x53/4x30,45.5,265.9,147.6,7.6,13,12.7,214.5,5.68,28.2,7206,698,11.1,3.47,542,94.6,611,146,0.89,20.4,0.112,28.7,58
222,218,W10x53/4x26,39.3,262.4,146.6,6.6,11.2,12.7,214.6,6.54,32.5,6134,589,11.1,3.43,468,80.4,524,124,0.89,23.2,0.093,18.8,50.1
223,219,W10x53/4x22,33.5,258.3,146.1,6.1,9.1,12.7,214.7,8.03,35.2,5024,474,10.9,3.33,389,64.9,435,100,0.883,27.2,0.074,11.4,42.6
224,220,10x4x19,29.2,260.1,102.1,6.4,10,12.7,214.7,5.1,33.5,4123,178,10.5,2.19,317,35,364,55.4,0.875,25.5,0.028,11.4,37.2
225,221,10x4x17,26,256.8,101.9,6.1,8.4,12.7,214.6,6.07,35.2,3535,149,10.3,2.12,275,29.3,317,46.7,0.868,28.7,0.023,7.96,33.1
226,222,10x4x15,23,253.7,101.6,5.8,6.9,12.7,214.5,7.36,37,2993,122,10.1,2.04,236,23.9,273,38.4,0.859,32.3,0.019,5.49,29.3
227,223,W8x8x67,100.6,228.6,210.3,14.5,23.7,16,149.2,4.44,10.3,11390,3681,9.43,5.36,997,350,1159,536,0.852,8.81,0.386,222,128
228,224,W8x8x58,87.7,222.3,208.8,13,20.6,16,149.1,5.07,11.5,9590,3131,9.26,5.29,863,300,993,459,0.85,9.88,0.318,149,112
229,225,W8x8x48,72.5,215.9,206,10.2,17.4,16,149.1,5.92,14.6,7751,2539,9.16,5.24,718,246,814,376,0.853,11.5,0.25,88.6,92.4
230,226,W8x8x40,60.4,209.6,205,9.1,14.2,16,149.2,7.22,16.4,6185,2042,8.97,5.15,590,199,663,304,0.85,13.5,0.195,51.5,76.9
231,227,W8x8x35,53.2,206.2,203.7,7.9,12.6,16,149,8.08,18.9,5373,1777,8.9,5.12,521,174,581,266,0.851,15,0.167,36.4,67.8
232,228,W8x8x31,47.1,203.2,203.2,7.2,11,16,149.2,9.24,20.7,4657,1540,8.81,5.07,458,152,508,231,0.849,16.7,0.142,25.5,59.9
233,229,W8x51/4x21,32.1,210.3,133.9,6.4,10.2,12.7,164.5,6.56,25.7,3219,409,8.88,3.16,306,61.1,344,94.2,0.886,19.6,0.041,13.7,40.9
234,230,W8x51/4x18,27.3,206.8,133.4,5.8,8.4,12.7,164.6,7.94,28.4,2656,333,8.73,3.09,257,50,287,77.1,0.882,22.7,0.033,8.55,34.8
235,231,W6x6x25,38,162.1,154.4,8.1,11.6,12.7,113.5,6.66,14,2275,713,6.85,3.84,281,92.4,318,142,0.85,12.6,0.04,22.1,48.5
236,232,W6x6x20,30.6,157.5,152.9,6.6,9.3,12.7,113.5,8.22,17.2,1773,555,6.74,3.77,225,72.6,252,111,0.85,15.1,0.03,12,39
237,233,W6x6x15,23.2,152.1,152.1,5.8,6.6,12.7,113.5,11.5,19.6,1254,388,6.52,3.62,165,51,183,78.3,0.842,19.2,0.021,5.45,29.5
