id,sec,wt,h,b,s(tw),t(tf),r1,r2,b/2t,d/s,ix,iy,rx,ry,zx,zy,sx,sy,u,x,H,J,area,Iw (x106 mm6),Edge to Centroid (mm),Shear centre to centroid (mm)
1,W 1100x400x607,607,1138,410,31,55,30,,,,,,,,,,,,,,,,,,,
2,W 1100x400x548,548,1128,407,28,50,30,,,,,,,,,,,,,,,,,,,
3,W 1100x400x499,499,1118,405,26,45,30,,,,,,,,,,,,,,,,,,,
4,W 1100x400x433,433,1108,402,22,40,30,,,,,,,,,,,,,,,,,,,
5,W 1100x400x390,390,1100,400,20,36,30,,,,,,,,,,,,,,,,,,,
6,W 1100x400x343,343,1090,400,18,31,30,,,,,,,,,,,,,,,,,,,
7,W 1000x400x976,976,1108,428,50,89.9,30,,,,,,,,,,,,,,,,,,,
8,W 1000x400x883,883,1092,424,45.5,82,30,,,,,,,,,,,,,,,,,,,
9,W 1000x400x748,748,1068,417,39,70,30,,,,,,,,,,,,,,,,,,,
10,W 1000x400x642,642,1048,412,34,60,30,,,,,,,,,,,,,,,,,,,
11,W 1000x400x591,591,1040,409,31,55.9,30,,,,,,,,,,,,,,,,,,,
12,W 1000x400x554,554,1032,408,29.5,52,30,,,,,,,,,,,,,,,,,,,
13,W 1000x400x539,539,1030,407,28.4,51.1,30,,,,,,,,,,,,,,,,,,,
14,W 1000x400x483,483,1020,404,25.4,46,30,,,,,,,,,,,,,,,,,,,
15,W 1000x400x443,443,1012,402,23.6,41.9,30,,,,,,,,,,,,,,,,,,,
16,W 1000x400x412,412,1008,402,21.1,40,30,,,,,,,,,,,,,,,,,,,
17,W 1000x400x371,371,1000,400,19,36.1,30,,,,,,,,,,,,,,,,,,,
18,W 1000x400x321,321,990,400,16.5,31,30,,,,,,,,,,,,,,,,,,,
19,W 1000x400x296,296,982,400,16.5,27.1,30,,,,,,,,,,,,,,,,,,,
20,W 1000x300x584,584,1056,314,36,64,30,,,,,,,,,,,,,,,,,,,
21,W 1000x300x494,494,1036,309,31,54,30,,,,,,,,,,,,,,,,,,,
22,W 1000x300x486,486,1036,308,30,54.1,30,,,,,,,,,,,,,,,,,,,
23,W 1000x300x438,438,1026,305,26.9,49,30,,,,,,,,,,,,,,,,,,,
24,W 1000x300x415,415,1020,304,26,46,30,,,,,,,,,,,,,,,,,,,
25,W 1000x300x393,393,1016,303,24.4,43.9,30,,,,,,,,,,,,,,,,,,,
26,W 1000x300x350,350,1008,302,21.1,40,30,,,,,,,,,,,,,,,,,,,
27,W 1000x300x314,314,1000,300,19.1,35.9,30,,,,,,,,,,,,,,,,,,,
28,W 1000x300x272,272,990,300,16.5,31,30,,,,,,,,,,,,,,,,,,,
29,W 1000x300x249,249,980,300,16.5,26,30,,,,,,,,,,,,,,,,,,,
30,W 1000x300x222,222,970,300,16,21.1,30,,,,,,,,,,,,,,,,,,,
31,W 920x420x1377,1377,1093,473,76.7,115.1,25,,,,,,,,,,,,,,,,,,,
32,W 920x420x1269,1269,1093,461,64,115.1,25,,,,,,,,,,,,,,,,,,,
33,W 920x420x1194,1194,1081,457,60.5,109,25,,,,,,,,,,,,,,,,,,,
34,W 920x420x1077,1077,1061,451,55,99.1,25,,,,,,,,,,,,,,,,,,,
35,W 920x420x970,970,1043,446,50,89.9,25,,,,,,,,,,,,,,,,,,,
36,W 920x420x787,787,1011,437,40.9,73.9,25,,,,,,,,,,,,,,,,,,,
37,W 920x420x725,725,999,434,38.1,68.1,25,,,,,,,,,,,,,,,,,,,
38,W 920x420x656,656,987,431,34.5,62,25,,,,,,,,,,,,,,,,,,,
39,W 920x420x588,588,975,427,31,55.9,25,,,,,,,,,,,,,,,,,,,
40,W 920x420x537,537,965,425,28.4,51.1,25,,,,,,,,,,,,,,,,,,,
41,W 920x420x491,491,957,422,25.9,47,25,,,,,,,,,,,,,,,,,,,
42,W 920x420x449,449,948,423,24,42.7,25,,,,,,,,,,,,,,,,,,,
43,W 920x420x420,420,943,422,22.5,39.9,25,,,,,,,,,,,,,,,,,,,
44,W 920x420x390,390,936,420,21.3,36.6,25,,,,,,,,,,,,,,,,,,,
45,W 920x420x368,368,931,419,20.3,34.3,25,,,,,,,,,,,,,,,,,,,
46,W 920x420x344,344,927,418,19.3,32,25,,,,,,,,,,,,,,,,,,,
47,W 920x310x576,576,993,322,36.1,65,25,,,,,,,,,,,,,,,,,,,
48,W 920x310x521,521,981,319,33,58.9,25,,,,,,,,,,,,,,,,,,,
49,W 920x310x474,474,971,316,30,54.1,25,,,,,,,,,,,,,,,,,,,
50,W 920x310x425,425,961,313,26.9,49,25,,,,,,,,,,,,,,,,,,,
51,W 920x310x381,381,951,310,24.4,43.9,25,,,,,,,,,,,,,,,,,,,
52,W 920x310x345,345,943,308,22.1,39.9,25,,,,,,,,,,,,,,,,,,,
53,W 920x310x313,313,932,309,21.1,34.5,25,,,,,,,,,,,,,,,,,,,
54,W 920x310x289,289,927,308,19.4,32,25,,,,,,,,,,,,,,,,,,,
55,W 920x310x271,271,923,307,18.4,30,25,,,,,,,,,,,,,,,,,,,
56,W 920x310x253,253,919,306,17.3,27.9,25,,,,,,,,,,,,,,,,,,,
57,W 920x310x238,238,915,305,16.5,25.9,25,,,,,,,,,,,,,,,,,,,
58,W 920x310x223,223,911,304,15.9,23.9,25,,,,,,,,,,,,,,,,,,,
59,W 920x310x201,201,903,304,15.2,20.1,25,,,,,,,,,,,,,,,,,,,
60,W 840x400x576,576,913,411,32,57.9,20,,,,,,,,,,,,,,,,,,,
61,W 840x400x527,527,903,409,29.5,53.1,20,,,,,,,,,,,,,,,,,,,
62,W 840x400x473,473,893,406,26.4,48,20,,,,,,,,,,,,,,,,,,,
63,W 840x400x433,433,885,404,24.4,43.9,20,,,,,,,,,,,,,,,,,,,
64,W 840x400x392,392,877,401,22.1,39.9,20,,,,,,,,,,,,,,,,,,,
65,W 840x400x359,359,868,403,21.1,35.6,20,,,,,,,,,,,,,,,,,,,
66,W 840x400x329,329,862,401,19.7,32.4,20,,,,,,,,,,,,,,,,,,,
67,W 840x400x299,299,856,400,18.2,29.2,20,,,,,,,,,,,,,,,,,,,
68,W 840x295x251,251,859,292,17,31,20,,,,,,,,,,,,,,,,,,,
69,W 840x295x226,226,851,294,16.1,26.8,20,,,,,,,,,,,,,,,,,,,
70,W 840x295x210,210,846,293,15.4,24.4,20,,,,,,,,,,,,,,,,,,,
71,W 840x295x193,193,840,292,14.7,21.7,20,,,,,,,,,,,,,,,,,,,
72,W 840x295x176,176,835,292,14,18.8,20,,,,,,,,,,,,,,,,,,,
73,W 760x380x582,582,843,396,34.5,62,20,,,,,,,,,,,,,,,,,,,
74,W 760x380x531,531,833,393,31.5,56.9,20,,,,,,,,,,,,,,,,,,,
75,W 760x380x484,484,823,390,29,52.1,20,,,,,,,,,,,,,,,,,,,
76,W 760x380x434,434,813,387,25.9,47,20,,,,,,,,,,,,,,,,,,,
77,W 760x380x389,389,803,385,23.6,41.9,20,,,,,,,,,,,,,,,,,,,
78,W 760x380x350,350,795,382,21.1,38.1,20,,,,,,,,,,,,,,,,,,,
79,W 760x380x314,314,786,384,19.7,33.4,20,,,,,,,,,,,,,,,,,,,
80,W 760x380x284,284,780,382,18,30.1,20,,,,,,,,,,,,,,,,,,,
81,W 760x380x257,257,772,381,16.6,27.1,20,,,,,,,,,,,,,,,,,,,
82,W 760x265x220,220,779,266,16.5,30,20,,,,,,,,,,,,,,,,,,,
83,W 760x265x196,196,770,268,15.6,25.4,20,,,,,,,,,,,,,,,,,,,
84,W 760x265x185,185,766,267,14.9,23.6,20,,,,,,,,,,,,,,,,,,,
85,W 760x265x173,173,762,267,14.4,21.6,20,,,,,,,,,,,,,,,,,,,
86,W 760x265x161,161,758,266,13.8,19.3,20,,,,,,,,,,,,,,,,,,,
87,W 760x265x147,147,753,265,13.2,17,20,,,,,,,,,,,,,,,,,,,
88,W 760x265x134,134,750,264,11.9,15.5,20,,,,,,,,,,,,,,,,,,,
89,W 690x360x802,802,826,387,50,89.9,20,,,,,,,,,,,,,,,,,,,
90,W 690x360x548,548,772,372,35.1,63,20,,,,,,,,,,,,,,,,,,,
91,W 690x360x500,500,762,369,32,57.9,20,,,,,,,,,,,,,,,,,,,
92,W 690x360x457,457,752,367,29.5,53.1,20,,,,,,,,,,,,,,,,,,,
93,W 690x360x419,419,744,364,26.9,49,20,,,,,,,,,,,,,,,,,,,
94,W 690x360x384,384,736,362,24.9,45,20,,,,,,,,,,,,,,,,,,,
95,W 690x360x350,350,728,360,23.1,40.9,20,,,,,,,,,,,,,,,,,,,
96,W 690x360x323,323,722,359,21.1,38.1,20,,,,,,,,,,,,,,,,,,,
97,W 690x360x289,289,714,356,19,34,20,,,,,,,,,,,,,,,,,,,
98,W 690x360x265,265,706,358,18.4,30.2,20,,,,,,,,,,,,,,,,,,,
99,W 690x360x240,240,701,356,16.8,27.4,20,,,,,,,,,,,,,,,,,,,
100,W 690x360x217,217,695,355,15.4,24.8,20,,,,,,,,,,,,,,,,,,,
101,W 690x250x192,192,702,254,15.5,27.9,20,,,,,,,,,,,,,,,,,,,
102,W 690x250x170,170,693,256,14.5,23.6,20,,,,,,,,,,,,,,,,,,,
103,W 690x250x152,152,688,254,13.1,21.1,20,,,,,,,,,,,,,,,,,,,
104,W 690x250x140,140,684,254,12.4,18.9,20,,,,,,,,,,,,,,,,,,,
105,W 690x250x125,125,678,253,11.7,16.3,20,,,,,,,,,,,,,,,,,,,
106,W 610x325x551,551,711,347,38.6,69.1,20,,,,,,,,,,,,,,,,,,,
107,W 610x325x498,498,699,343,35.1,63,20,,,,,,,,,,,,,,,,,,,
108,W 610x325x455,455,689,340,32,57.9,20,,,,,,,,,,,,,,,,,,,
109,W 610x325x415,415,679,338,29.5,53.1,20,,,,,,,,,,,,,,,,,,,
110,W 610x325x372,372,669,335,26.4,48,20,,,,,,,,,,,,,,,,,,,
111,W 610x325x341,341,661,333,24.4,43.9,20,,,,,,,,,,,,,,,,,,,
112,W 610x325x307,307,653,330,22.1,39.9,20,,,,,,,,,,,,,,,,,,,
113,W 610x325x285,285,647,329,20.6,37.1,20,,,,,,,,,,,,,,,,,,,
114,W 610x325x262,262,641,327,19,34,20,,,,,,,,,,,,,,,,,,,
115,W 610x325x241,241,635,329,17.9,31,20,,,,,,,,,,,,,,,,,,,
116,W 610x325x217,217,628,328,16.5,27.7,20,,,,,,,,,,,,,,,,,,,
117,W 610x325x195,195,622,327,15.4,24.4,20,,,,,,,,,,,,,,,,,,,
118,W 610x325x174,174,616,325,14,21.6,20,,,,,,,,,,,,,,,,,,,
119,W 610x325x155,155,611,324,12.7,19,20,,,,,,,,,,,,,,,,,,,
120,W 610x230x153,153,623,229,14,24.9,20,,,,,,,,,,,,,,,,,,,
121,W 610x230x140,140,617,230,13.1,22.2,20,,,,,,,,,,,,,,,,,,,
122,W 610x230x125,125,612,229,11.9,19.6,20,,,,,,,,,,,,,,,,,,,
123,W 610x230x113,113,608,228,11.2,17.3,20,,,,,,,,,,,,,,,,,,,
124,W 610x230x101,101,603,228,10.5,14.9,20,,,,,,,,,,,,,,,,,,,
125,W 610x180x92,92,603,179,10.9,15,13,,,,,,,,,,,,,,,,,,,
126,W 610x180x82,82,599,178,10,12.8,13,,,,,,,,,,,,,,,,,,,
127,W 530x315x409,409,613,327,31,55.6,25,,,,,,,,,,,,,,,,,,,
128,W 530x315x369,369,603,324,27.9,50.5,25,,,,,,,,,,,,,,,,,,,
129,W 530x315x332,332,593,322,25.4,45.5,25,,,,,,,,,,,,,,,,,,,
130,W 530x315x300,300,585,319,23.1,41.4,25,,,,,,,,,,,,,,,,,,,
131,W 530x315x272,272,577,317,21.1,37.6,25,,,,,,,,,,,,,,,,,,,
132,W 530x315x248,248,571,315,19,34.5,25,,,,,,,,,,,,,,,,,,,
133,W 530x315x219,219,560,318,18.3,29.2,25,,,,,,,,,,,,,,,,,,,
134,W 530x315x196,196,554,316,16.5,26.3,25,,,,,,,,,,,,,,,,,,,
135,W 530x315x182,182,551,315,15.2,24.4,25,,,,,,,,,,,,,,,,,,,
136,W 530x315x165,165,546,313,14,22.2,25,,,,,,,,,,,,,,,,,,,
137,W 530x315x150,150,543,312,12.7,20.3,25,,,,,,,,,,,,,,,,,,,
138,W 530x210x123,123,544,212,13.1,21.2,13,,,,,,,,,,,,,,,,,,,
139,W 530x210x109,109,539,211,11.6,18.8,13,,,,,,,,,,,,,,,,,,,
140,W 530x210x101,101,537,210,10.9,17.4,13,,,,,,,,,,,,,,,,,,,
141,W 530x210x92,92,533,209,10.2,15.6,13,,,,,,,,,,,,,,,,,,,
142,W 530x210x82,82,528,209,9.5,13.3,13,,,,,,,,,,,,,,,,,,,
143,W 530x210x72,72,524,207,9,10.9,13,,,,,,,,,,,,,,,,,,,
144,W 530x165x85,85,535,166,10.3,16.5,13,,,,,,,,,,,,,,,,,,,
145,W 530x165x74,74,529,166,9.7,13.6,13,,,,,,,,,,,,,,,,,,,
146,W 530x165x66,66,525,165,8.9,11.4,13,,,,,,,,,,,,,,,,,,,
147,W 460x280x464,464,567,305,38.6,69.6,20,,,,,,,,,,,,,,,,,,,
148,W 460x280x421,421,555,302,35.6,63.5,20,,,,,,,,,,,,,,,,,,,
149,W 460x280x384,384,545,299,32.5,58.4,20,,,,,,,,,,,,,,,,,,,
150,W 460x280x349,349,535,296,29.5,53.6,20,,,,,,,,,,,,,,,,,,,
151,W 460x280x315,315,525,293,26.9,48.5,20,,,,,,,,,,,,,,,,,,,
152,W 460x280x286,286,517,291,24.4,44.4,20,,,,,,,,,,,,,,,,,,,
153,W 460x280x260,260,509,289,22.6,40.4,20,,,,,,,,,,,,,,,,,,,
154,W 460x280x235,235,501,287,20.6,36.6,20,,,,,,,,,,,,,,,,,,,
155,W 460x280x213,213,495,285,18.5,33.5,20,,,,,,,,,,,,,,,,,,,
156,W 460x280x193,193,489,283,17,30.5,20,,,,,,,,,,,,,,,,,,,
157,W 460x280x177,177,482,286,16.6,26.9,20,,,,,,,,,,,,,,,,,,,
158,W 460x280x158,158,476,284,15,23.9,20,,,,,,,,,,,,,,,,,,,
159,W 460x280x144,144,472,283,13.6,22.1,20,,,,,,,,,,,,,,,,,,,
160,W 460x280x128,128,467,282,12.2,19.6,20,,,,,,,,,,,,,,,,,,,
161,W 460x280x113,113,463,280,10.8,17.3,20,,,,,,,,,,,,,,,,,,,
162,W 460x190x106,106,469,194,12.6,20.6,10,,,,,,,,,,,,,,,,,,,
163,W 460x190x97,97,466,193,11.4,19,10,,,,,,,,,,,,,,,,,,,
164,W 460x190x89,89,463,192,10.5,17.7,10,,,,,,,,,,,,,,,,,,,
165,W 460x190x82,82,460,191,9.9,16,10,,,,,,,,,,,,,,,,,,,
166,W 460x190x74,74,457,190,9,14.5,10,,,,,,,,,,,,,,,,,,,
167,W 460x190x67,67,454,190,8.5,12.7,10,,,,,,,,,,,,,,,,,,,
168,W 460x150x68,68,459,154,9.1,15.4,10,,,,,,,,,,,,,,,,,,,
169,W 460x150x60,60,455,153,8,13.3,10,,,,,,,,,,,,,,,,,,,
170,W 460x150x52,52,450,152,7.6,10.8,10,,,,,,,,,,,,,,,,,,,
171,W 410x260x149,149,431,265,14.9,25,10,,,,,,,,,,,,,,,,,,,
172,W 410x260x132,132,425,263,13.3,22.2,10,,,,,,,,,,,,,,,,,,,
173,W 410x260x114,114,420,261,11.6,19.3,10,,,,,,,,,,,,,,,,,,,
174,W 410x260x100,100,415,260,10,16.9,10,,,,,,,,,,,,,,,,,,,
175,W 410x180x85,85,417,181,10.9,18.2,10,,,,,,,,,,,,,,,,,,,
176,W 410x180x75,75,413,180,9.7,16,10,,,,,,,,,,,,,,,,,,,
177,W 410x180x67,67,410,179,8.8,14.4,10,,,,,,,,,,,,,,,,,,,
178,W 410x180x60,60,407,178,7.7,12.8,10,,,,,,,,,,,,,,,,,,,
179,W 410x180x53,53,403,177,7.5,10.9,10,,,,,,,,,,,,,,,,,,,
180,W 410x140x53.3,53.3,406.6,143.3,7.9,12.9,10,,,,,,,,,,,,,,,,,,,
181,W 410x140x46.1,46.1,403,140,7,11.2,10,,,,,,,,,,,,,,,,,,,
182,W 410x140x38.8,38.8,399,140,6.4,8.8,10,,,,,,,,,,,,,,,,,,,
183,W 360x410x1299,1299,600,476,100,140,20,,,,,,,,,,,,,,,,,,,
184,W 360x410x1202,1202,580,471,95,130,20,,,,,,,,,,,,,,,,,,,
185,W 360x410x1086,1086,569,454,78,125,20,,,,,,,,,,,,,,,,,,,
186,W 360x410x990,990,550,448,71.9,115,20,,,,,,,,,,,,,,,,,,,
187,W 360x410x900,900,531,442,65.9,106,20,,,,,,,,,,,,,,,,,,,
188,W 360x410x818,818,514,437,60.5,97,20,,,,,,,,,,,,,,,,,,,
189,W 360x410x744,744,498,432,55.6,88.9,20,,,,,,,,,,,,,,,,,,,
190,W 360x410x677,677,483,428,51.2,81.5,20,,,,,,,,,,,,,,,,,,,
191,W 360x410x634,634,474,424,47.6,77.1,20,,,,,,,,,,,,,,,,,,,
192,W 360x410x592,592,465,421,45,72.3,20,,,,,,,,,,,,,,,,,,,
193,W 360x410x551,551,455,418,42,67.6,20,,,,,,,,,,,,,,,,,,,
194,W 360x410x509,509,446,416,39.1,62.7,20,,,,,,,,,,,,,,,,,,,
195,W 360x410x463,463,435,412,35.8,57.4,20,,,,,,,,,,,,,,,,,,,
196,W 360x410x421,421,425,409,32.8,52.6,20,,,,,,,,,,,,,,,,,,,
197,W 360x410x382,382,416,406,29.8,48,20,,,,,,,,,,,,,,,,,,,
198,W 360x410x347,347,407,404,27.2,43.7,20,,,,,,,,,,,,,,,,,,,
199,W 360x410x314,314,399,401,24.9,39.6,20,,,,,,,,,,,,,,,,,,,
200,W 360x410x287,287,393,399,22.6,36.6,20,,,,,,,,,,,,,,,,,,,
201,W 360x410x262,262,387,398,21.1,33.3,20,,,,,,,,,,,,,,,,,,,
202,W 360x410x237,237,380,395,18.9,30.2,20,,,,,,,,,,,,,,,,,,,
203,W 360x410x216,216,375,394,17.3,27.7,20,,,,,,,,,,,,,,,,,,,
204,W 360x370x196,196,372,374,16.4,26.2,20,,,,,,,,,,,,,,,,,,,
205,W 360x370x179,179,368,373,15,23.9,20,,,,,,,,,,,,,,,,,,,
206,W 360x370x162,162,364,371,13.3,21.8,20,,,,,,,,,,,,,,,,,,,
207,W 360x370x147,147,360,370,12.3,19.8,20,,,,,,,,,,,,,,,,,,,
208,W 360x370x134,134,356,369,11.2,18,20,,,,,,,,,,,,,,,,,,,
209,W 360x250x122,122,363,257,13,21.7,15,,,,,,,,,,,,,,,,,,,
210,W 360x250x110,110,360,256,11.4,19.9,15,,,,,,,,,,,,,,,,,,,
211,W 360x250x101,101,357,255,10.5,18.3,15,,,,,,,,,,,,,,,,,,,
212,W 360x250x91,91,353,254,9.5,16.4,15,,,,,,,,,,,,,,,,,,,
213,W 360x200x79,79,354,205,9.4,16.8,15,,,,,,,,,,,,,,,,,,,
214,W 360x200x72,72,350,204,8.6,15.1,15,,,,,,,,,,,,,,,,,,,
215,W 360x200x64,64,347,203,7.7,13.5,15,,,,,,,,,,,,,,,,,,,
216,W 360x170x58,58,358,172,7.9,13.1,10,,,,,,,,,,,,,,,,,,,
217,W 360x170x51,51,355,171,7.2,11.6,10,,,,,,,,,,,,,,,,,,,
218,W 360x170x44.6,44.6,352,171,6.9,9.8,10,,,,,,,,,,,,,,,,,,,
219,W 360x130x39.0,39,353,128,6.5,10.7,10,,,,,,,,,,,,,,,,,,,
220,W 360x130x32.9,32.9,349,127,5.8,8.5,10,,,,,,,,,,,,,,,,,,,
221,W 310x310x500,500,427,340,45.1,75.1,20,,,,,,,,,,,,,,,,,,,
222,W 310x310x454,454,415,336,41.3,68.7,20,,,,,,,,,,,,,,,,,,,
223,W 310x310x415,415,403,334,38.9,62.7,20,,,,,,,,,,,,,,,,,,,
224,W 310x310x375,375,391,330,35.4,57.2,20,,,,,,,,,,,,,,,,,,,
225,W 310x310x342,342,382,328,32.6,52.6,20,,,,,,,,,,,,,,,,,,,
226,W 310x310x313,313,374,325,30,48.3,20,,,,,,,,,,,,,,,,,,,
227,W 310x310x283,283,365,322,26.9,44.1,20,,,,,,,,,,,,,,,,,,,
228,W 310x310x253,253,356,319,24.4,39.6,20,,,,,,,,,,,,,,,,,,,
229,W 310x310x226,226,348,317,22.1,35.6,20,,,,,,,,,,,,,,,,,,,
230,W 310x310x202,202,341,315,20.1,31.8,20,,,,,,,,,,,,,,,,,,,
231,W 310x310x179,179,333,313,18,28.1,20,,,,,,,,,,,,,,,,,,,
232,W 310x310x158,158,327,310,15.5,25.1,20,,,,,,,,,,,,,,,,,,,
233,W 310x310x143,143,323,309,14,22.9,20,,,,,,,,,,,,,,,,,,,
234,W 310x310x129,129,318,308,13.1,20.6,20,,,,,,,,,,,,,,,,,,,
235,W 310x310x117,117,314,307,11.9,18.7,20,,,,,,,,,,,,,,,,,,,
236,W 310x310x107,107,311,306,10.9,17,20,,,,,,,,,,,,,,,,,,,
237,W 310x310x97,97,308,305,9.9,15.4,20,,,,,,,,,,,,,,,,,,,
238,W 310x250x86,86,310,254,9.1,16.3,15,,,,,,,,,,,,,,,,,,,
239,W 310x250x79,79,306,254,8.8,14.6,15,,,,,,,,,,,,,,,,,,,
240,W 310x200x74,74,310,205,9.4,16.3,15,,,,,,,,,,,,,,,,,,,
241,W 310x200x67,67,306,204,8.5,14.6,15,,,,,,,,,,,,,,,,,,,
242,W 310x200x60,60,303,203,7.5,13.1,15,,,,,,,,,,,,,,,,,,,
243,W 310x165x52,52,317,167,7.6,13.2,8,,,,,,,,,,,,,,,,,,,
244,W 310x165x44.5,44.5,313,166,6.6,11.2,8,,,,,,,,,,,,,,,,,,,
245,W 310x165x38.7,38.7,310,165,5.8,9.7,8,,,,,,,,,,,,,,,,,,,
246,W 310x100x32.7,32.7,313,102,6.6,10.8,8,,,,,,,,,,,,,,,,,,,
247,W 310x100x28.3,28.3,309,102,6,8.9,8,,,,,,,,,,,,,,,,,,,
248,W 310x100x23.8,23.8,305,101,5.6,6.7,8,,,,,,,,,,,,,,,,,,,
249,W 310x100x21.0,21,303,101,5.1,5.7,8,,,,,,,,,,,,,,,,,,,
250,W 250x250x167,167,289,265,19.2,31.8,13,,,,,,,,,,,,,,,,,,,
251,W 250x250x149,149,282,263,17.3,28.4,13,,,,,,,,,,,,,,,,,,,
252,W 250x250x131,131,275,261,15.4,25.1,13,,,,,,,,,,,,,,,,,,,
253,W 250x250x115,115,269,259,13.5,22.1,13,,,,,,,,,,,,,,,,,,,
254,W 250x250x101,101,264,257,11.9,19.6,13,,,,,,,,,,,,,,,,,,,
255,W 250x250x89,89,260,256,10.7,17.3,13,,,,,,,,,,,,,,,,,,,
256,W 250x250x80,80,256,255,9.4,15.6,13,,,,,,,,,,,,,,,,,,,
257,W 250x250x73,73,253,254,8.6,14.2,13,,,,,,,,,,,,,,,,,,,
258,W 250x200x67,67,257,204,8.9,15.7,13,,,,,,,,,,,,,,,,,,,
259,W 250x200x58,58,252,203,8,13.5,13,,,,,,,,,,,,,,,,,,,
260,W 250x200x49.1,49.1,247,202,7.4,11,13,,,,,,,,,,,,,,,,,,,
261,W 250x145x44.8,44.8,266,148,7.6,13,8,,,,,,,,,,,,,,,,,,,
262,W 250x145x38.5,38.5,262,147,6.6,11.2,8,,,,,,,,,,,,,,,,,,,
263,W 250x145x32.7,32.7,258,146,6.1,9.1,8,,,,,,,,,,,,,,,,,,,
264,W 250x100x28.4,28.4,260,102,6.4,10,8,,,,,,,,,,,,,,,,,,,
265,W 250x100x25.3,25.3,257,102,6.1,8.4,8,,,,,,,,,,,,,,,,,,,
266,W 250x100x22.3,22.3,254,102,5.8,6.9,8,,,,,,,,,,,,,,,,,,,
267,W 250x100x17.9,17.9,251,101,4.8,5.3,8,,,,,,,,,,,,,,,,,,,
268,W 200x200x100,100,229,210,14.5,23.7,10,,,,,,,,,,,,,,,,,,,
269,W 200x200x86,86,222,209,13,20.6,10,,,,,,,,,,,,,,,,,,,
270,W 200x200x71,71,216,206,10.2,17.4,10,,,,,,,,,,,,,,,,,,,
271,W 200x200x59,59,210,205,9.1,14.2,10,,,,,,,,,,,,,,,,,,,
272,W 200x200x52,52,206,204,7.9,12.6,10,,,,,,,,,,,,,,,,,,,
273,W 200x200x46.1,46.1,203,203,7.2,11,10,,,,,,,,,,,,,,,,,,,
274,W 200x165x41.7,41.7,205,166,7.2,11.8,10,,,,,,,,,,,,,,,,,,,
275,W 200x165x35.9,35.9,201,165,6.2,10.2,10,,,,,,,,,,,,,,,,,,,
276,W 200x135x31.3,31.3,210,134,6.4,10.2,8,,,,,,,,,,,,,,,,,,,
277,W 200x135x26.6,26.6,207,133,5.8,8.4,8,,,,,,,,,,,,,,,,,,,
278,W 200x100x22.5,22.5,206,102,6.2,8,8,,,,,,,,,,,,,,,,,,,
279,W 200x100x19.3,19.3,203,102,5.8,6.5,8,,,,,,,,,,,,,,,,,,,
280,W 200x100x15.0,15,200,100,4.3,5.2,8,,,,,,,,,,,,,,,,,,,
281,W 150x150x37.1,37.1,162,154,8.1,11.6,6,,,,,,,,,,,,,,,,,,,
282,W 150x150x29.8,29.8,157,153,6.6,9.3,6,,,,,,,,,,,,,,,,,,,
283,W 150x150x22.5,22.5,152,152,5.8,6.6,6,,,,,,,,,,,,,,,,,,,
284,W 150x100x24.0,24,160,102,6.6,10.3,6,,,,,,,,,,,,,,,,,,,
285,W 150x100x18.0,18,153,102,5.8,7.1,6,,,,,,,,,,,,,,,,,,,
286,W 150x100x13.5,13.5,150,100,4.3,5.5,6,,,,,,,,,,,,,,,,,,,
287,W 130x130x28.1,28.1,131,128,6.9,10.9,8,,,,,,,,,,,,,,,,,,,
288,W 130x130x23.8,23.8,127,127,6.1,9.1,8,,,,,,,,,,,,,,,,,,,
289,W 100x100x19.3,19.3,106,103,7.1,8.8,6,,,,,,,,,,,,,,,,,,,
